Row #,Common Name,Scientific Name,Country,Taxonomic Order,Family
1,Common Ostrich,Struthio camelus,Kenya,2,"Struthionidae (Ostriches)"
2,Little Tinamou,Crypturellus soui,Colombia,174,"Tinamidae (Tinamous)"
3,White-faced Whistling-Duck,Dendrocygna viduata,Kenya,240,"Anatidae (Ducks, Geese, and Waterfowl)"
6,White-backed Duck,Thalassornis leuconotus,Kenya,262,"Anatidae (Ducks, Geese, and Waterfowl)"
8,Graylag Goose,Anser anser,India,275,"Anatidae (Ducks, Geese, and Waterfowl)"
13,Spur-winged Goose,Plectropterus gambensis,Kenya,429,"Anatidae (Ducks, Geese, and Waterfowl)"
14,Muscovy Duck,Cairina moschata,Costa Rica,445,"Anatidae (Ducks, Geese, and Waterfowl)"
15,Garganey,Spatula querquedula,India,479,"Anatidae (Ducks, Geese, and Waterfowl)"
16,Blue-billed Teal,Spatula hottentota,Kenya,480,"Anatidae (Ducks, Geese, and Waterfowl)"
17,Blue-winged Teal,Spatula discors,Costa Rica,485,"Anatidae (Ducks, Geese, and Waterfowl)"
18,Northern Shoveler,Spatula clypeata,India,501,"Anatidae (Ducks, Geese, and Waterfowl)"
20,Eurasian Wigeon,Mareca penelope,India,512,"Anatidae (Ducks, Geese, and Waterfowl)"
21,Indian Spot-billed Duck,Anas poecilorhyncha,India,540,"Anatidae (Ducks, Geese, and Waterfowl)"
23,Red-billed Duck,Anas erythrorhyncha,Kenya,591,"Anatidae (Ducks, Geese, and Waterfowl)"
25,Green-winged Teal,Anas crecca,India,612,"Anatidae (Ducks, Geese, and Waterfowl)"
26,Andean Teal,Anas andium,Colombia,626,"Anatidae (Ducks, Geese, and Waterfowl)"
29,Common Merganser,Mergus merganser,India,762,"Anatidae (Ducks, Geese, and Waterfowl)"
30,Sickle-winged Guan,Chamaepetes goudotii,Colombia,855,"Cracidae (Guans, Chachalacas, and Curassows)"
31,Crested Guan,Penelope purpurascens,Costa Rica,884,"Cracidae (Guans, Chachalacas, and Curassows)"
32,Andean Guan,Penelope montagnii,Colombia,900,"Cracidae (Guans, Chachalacas, and Curassows)"
35,Colombian Chachalaca,Ortalis columbiana,Colombia,961,"Cracidae (Guans, Chachalacas, and Curassows)"
36,Helmeted Guineafowl,Numida meleagris,Kenya,977,"Numididae (Guineafowl)"
37,Chestnut Wood-Quail,Odontophorus hyperythrus,Colombia,1157,"Odontophoridae (New World Quail)"
40,Himalayan Monal,Lophophorus impejanus,India,1257,"Phasianidae (Pheasants, Grouse, and Allies)"
41,Koklass Pheasant,Pucrasia macrolopha,India,1264,"Phasianidae (Pheasants, Grouse, and Allies)"
43,Cheer Pheasant,Catreus wallichii,India,1515,"Phasianidae (Pheasants, Grouse, and Allies)"
44,Kalij Pheasant,Lophura leucomelanos,India,1529,"Phasianidae (Pheasants, Grouse, and Allies)"
45,Indian Peafowl,Pavo cristatus,India,1573,"Phasianidae (Pheasants, Grouse, and Allies)"
46,Green Peafowl,Pavo muticus,Vietnam,1575,"Phasianidae (Pheasants, Grouse, and Allies)"
47,Scaly-breasted Partridge,Tropicoperdix chloropus,Vietnam,1580,"Phasianidae (Pheasants, Grouse, and Allies)"
49,Germain's Peacock-Pheasant,Polyplectron germaini,Vietnam,1605,"Phasianidae (Pheasants, Grouse, and Allies)"
51,Crested Francolin,Ortygornis sephaena,Kenya,1632,"Phasianidae (Pheasants, Grouse, and Allies)"
52,Gray Francolin,Ortygornis pondicerianus,India,1639,"Phasianidae (Pheasants, Grouse, and Allies)"
54,Coqui Francolin,Campocolinus coqui,Kenya,1660,"Phasianidae (Pheasants, Grouse, and Allies)"
57,Common Quail,Coturnix coturnix,India,1738,"Phasianidae (Pheasants, Grouse, and Allies)"
59,Chukar,Alectoris chukar,India,1765,"Phasianidae (Pheasants, Grouse, and Allies)"
60,Jungle Bush-Quail,Perdicula asiatica,India,1792,"Phasianidae (Pheasants, Grouse, and Allies)"
63,Hildebrandt's Spurfowl,Pternistis hildebrandti,Kenya,1825,"Phasianidae (Pheasants, Grouse, and Allies)"
64,Yellow-necked Spurfowl,Pternistis leucoscepus,Kenya,1839,"Phasianidae (Pheasants, Grouse, and Allies)"
66,Rock Pigeon,Columba livia,India,1853,"Columbidae (Pigeons and Doves)"
69,Ashy Wood-Pigeon,Columba pulchricollis,India,1908,"Columbidae (Pigeons and Doves)"
71,Pale-vented Pigeon,Patagioenas cayennensis,Costa Rica,1940,"Columbidae (Pigeons and Doves)"
73,Band-tailed Pigeon,Patagioenas fasciata,Costa Rica,1966,"Columbidae (Pigeons and Doves)"
74,Ruddy Pigeon,Patagioenas subvinacea,Costa Rica,1987,"Columbidae (Pigeons and Doves)"
75,Short-billed Pigeon,Patagioenas nigrirostris,Costa Rica,1999,"Columbidae (Pigeons and Doves)"
76,Oriental Turtle-Dove,Streptopelia orientalis,India,2022,"Columbidae (Pigeons and Doves)"
77,Eurasian Collared-Dove,Streptopelia decaocto,India,2031,"Columbidae (Pigeons and Doves)"
80,Ring-necked Dove,Streptopelia capicola,Kenya,2051,"Columbidae (Pigeons and Doves)"
81,Red Collared-Dove,Streptopelia tranquebarica,India,2059,"Columbidae (Pigeons and Doves)"
82,Spotted Dove,Spilopelia chinensis,India,2064,"Columbidae (Pigeons and Doves)"
83,Laughing Dove,Spilopelia senegalensis,India,2071,"Columbidae (Pigeons and Doves)"
85,Emerald-spotted Wood-Dove,Turtur chalcospilos,Kenya,2151,"Columbidae (Pigeons and Doves)"
87,Asian Emerald Dove,Chalcophaps indica,India,2162,"Columbidae (Pigeons and Doves)"
88,Zebra Dove,Geopelia striata,Vietnam,2232,"Columbidae (Pigeons and Doves)"
91,Ruddy Ground Dove,Columbina talpacoti,Costa Rica,2268,"Columbidae (Pigeons and Doves)"
93,Gray-chested Dove,Leptotila cassinii,Costa Rica,2347,"Columbidae (Pigeons and Doves)"
94,Buff-fronted Quail-Dove,Zentrygon costaricensis,Costa Rica,2372,"Columbidae (Pigeons and Doves)"
95,White-throated Quail-Dove,Zentrygon frenata,Colombia,2375,"Columbidae (Pigeons and Doves)"
97,Eared Dove,Zenaida auriculata,Colombia,2400,"Columbidae (Pigeons and Doves)"
98,Gray-fronted Green-Pigeon,Treron affinis,India,2496,"Columbidae (Pigeons and Doves)"
100,Yellow-footed Green-Pigeon,Treron phoenicopterus,India,2526,"Columbidae (Pigeons and Doves)"
102,African Green-Pigeon,Treron calvus,Kenya,2548,"Columbidae (Pigeons and Doves)"
103,Tibetan Sandgrouse,Syrrhaptes tibetanus,India,2862,"Pteroclidae (Sandgrouse)"
106,Yellow-throated Sandgrouse,Pterocles gutturalis,Kenya,2880,"Pteroclidae (Sandgrouse)"
107,Black-faced Sandgrouse,Pterocles decoratus,Kenya,2889,"Pteroclidae (Sandgrouse)"
108,Painted Sandgrouse,Pterocles indicus,India,2906,"Pteroclidae (Sandgrouse)"
110,Asian Houbara,Chlamydotis macqueenii,India,2926,"Otididae (Bustards)"
112,Buff-crested Bustard,Lophotis gindiana,Kenya,2951,"Otididae (Bustards)"
113,Black-bellied Bustard,Lissotis melanogaster,Kenya,2958,"Otididae (Bustards)"
114,Hartlaub's Bustard,Lissotis hartlaubii,Kenya,2961,"Otididae (Bustards)"
117,Eastern Plantain-eater,Crinifer zonurus,Kenya,2980,"Musophagidae (Turacos)"
118,White-crested Turaco,Tauraco leucolophus,Kenya,2999,"Musophagidae (Turacos)"
119,Schalow's Turaco,Tauraco schalowi,Kenya,3003,"Musophagidae (Turacos)"
120,Hartlaub's Turaco,Tauraco hartlaubi,Kenya,3010,"Musophagidae (Turacos)"
122,Blue-headed Coucal,Centropus monachus,Kenya,3104,"Cuculidae (Cuckoos)"
124,Greater Coucal,Centropus sinensis,India,3121,"Cuculidae (Cuckoos)"
125,Sirkeer Malkoha,Taccocua leschenaultii,India,3166,"Cuculidae (Cuckoos)"
126,Blue-faced Malkoha,Phaenicophaeus viridirostris,India,3182,"Cuculidae (Cuckoos)"
127,Green-billed Malkoha,Phaenicophaeus tristis,India,3186,"Cuculidae (Cuckoos)"
128,Chestnut-winged Cuckoo,Clamator coromandus,India,3202,"Cuculidae (Cuckoos)"
129,Pied Cuckoo,Clamator jacobinus,India,3205,"Cuculidae (Cuckoos)"
130,Common Squirrel-Cuckoo,Piaya cayana,Costa Rica,3218,"Cuculidae (Cuckoos)"
131,Asian Koel,Eudynamys scolopaceus,India,3269,"Cuculidae (Cuckoos)"
132,Klaas's Cuckoo,Chrysococcyx klaas,Kenya,3304,"Cuculidae (Cuckoos)"
133,Banded Bay Cuckoo,Cacomantis sonneratii,Vietnam,3360,"Cuculidae (Cuckoos)"
135,Gray-bellied Cuckoo,Cacomantis passerinus,India,3370,"Cuculidae (Cuckoos)"
136,Square-tailed Drongo-Cuckoo,Surniculus lugubris,India,3409,"Cuculidae (Cuckoos)"
137,Common Hawk-Cuckoo,Hierococcyx varius,India,3419,"Cuculidae (Cuckoos)"
138,Red-chested Cuckoo,Cuculus solitarius,Kenya,3431,"Cuculidae (Cuckoos)"
141,Lesser Nighthawk,Chordeiles acutipennis,Costa Rica,3484,"Caprimulgidae (Nightjars and Allies)"
143,Lyre-tailed Nightjar,Uropsalis lyra,Colombia,3540,"Caprimulgidae (Nightjars and Allies)"
144,Jungle Nightjar,Caprimulgus indicus,India,3631,"Caprimulgidae (Nightjars and Allies)"
145,Sykes's Nightjar,Caprimulgus mahrattensis,India,3660,"Caprimulgidae (Nightjars and Allies)"
146,Jerdon's Nightjar,Caprimulgus atripennis,India,3674,"Caprimulgidae (Nightjars and Allies)"
147,Indian Nightjar,Caprimulgus asiaticus,India,3695,"Caprimulgidae (Nightjars and Allies)"
148,Savanna Nightjar,Caprimulgus affinis,India,3707,"Caprimulgidae (Nightjars and Allies)"
149,Slender-tailed Nightjar,Caprimulgus clarus,Kenya,3737,"Caprimulgidae (Nightjars and Allies)"
150,Great Potoo,Nyctibius grandis,Costa Rica,3746,"Nyctibiidae (Potoos)"
151,Oilbird,Steatornis caripensis,Colombia,3766,"Steatornithidae (Oilbird)"
152,Sri Lanka Frogmouth,Batrachostomus moniliger,India,3788,"Podargidae (Frogmouths)"
153,White-collared Swift,Streptoprocne zonaris,Costa Rica,3843,"Apodidae (Swifts)"
154,Vaux's Swift,Chaetura vauxi,Costa Rica,3897,"Apodidae (Swifts)"
155,Mottled Swift,Tachymarptis aequatorialis,Kenya,4088,"Apodidae (Swifts)"
156,Nyanza Swift,Apus niansae,Kenya,4099,"Apodidae (Swifts)"
157,Little Swift,Apus affinis,Kenya,4136,"Apodidae (Swifts)"
158,Horus Swift,Apus horus,Kenya,4150,"Apodidae (Swifts)"
159,White-rumped Swift,Apus caffer,Kenya,4153,"Apodidae (Swifts)"
160,African Palm Swift,Cypsiurus parvus,Kenya,4178,"Apodidae (Swifts)"
164,Tawny-bellied Hermit,Phaethornis syrmatophorus,Colombia,4265,"Trochilidae (Hummingbirds)"
165,Long-billed Hermit,Phaethornis longirostris,Colombia,4273,"Trochilidae (Hummingbirds)"
166,Stripe-throated Hermit,Phaethornis striigularis,Costa Rica,4310,"Trochilidae (Hummingbirds)"
167,Sparkling Violetear,Colibri coruscans,Colombia,4354,"Trochilidae (Hummingbirds)"
168,Brown Violetear,Colibri delphinae,Costa Rica,4357,"Trochilidae (Hummingbirds)"
169,Lesser Violetear,Colibri cyanotus,Costa Rica,4359,"Trochilidae (Hummingbirds)"
170,Purple-crowned Fairy,Heliothryx barroti,Costa Rica,4368,"Trochilidae (Hummingbirds)"
171,Ruby-topaz Hummingbird,Chrysolampis mosquitus,Colombia,4382,"Trochilidae (Hummingbirds)"
172,Black-throated Mango,Anthracothorax nigricollis,Colombia,4384,"Trochilidae (Hummingbirds)"
173,Green-breasted Mango,Anthracothorax prevostii,Costa Rica,4388,"Trochilidae (Hummingbirds)"
174,Tourmaline Sunangel,Heliangelus exortis,Colombia,4414,"Trochilidae (Hummingbirds)"
175,Green Thorntail,Discosura conversii,Colombia,4438,"Trochilidae (Hummingbirds)"
176,Speckled Hummingbird,Adelomyia melanogenys,Colombia,4460,"Trochilidae (Hummingbirds)"
177,Long-tailed Sylph,Aglaiocercus kingii,Colombia,4471,"Trochilidae (Hummingbirds)"
178,Violet-tailed Sylph,Aglaiocercus coelestis,Colombia,4478,"Trochilidae (Hummingbirds)"
179,Rainbow-bearded Thornbill,Chalcostigma herrani,Colombia,4530,"Trochilidae (Hummingbirds)"
180,Buffy Helmetcrest,Oxypogon stuebelii,Colombia,4533,"Trochilidae (Hummingbirds)"
181,Tyrian Metaltail,Metallura tyrianthina,Colombia,4542,"Trochilidae (Hummingbirds)"
182,Viridian Metaltail,Metallura williami,Colombia,4552,"Trochilidae (Hummingbirds)"
183,Greenish Puffleg,Haplophaedia aureliae,Colombia,4568,"Trochilidae (Hummingbirds)"
184,Golden-breasted Puffleg,Eriocnemis mosquera,Colombia,4597,"Trochilidae (Hummingbirds)"
186,Bronzy Inca,Coeligena coeligena,Colombia,4614,"Trochilidae (Hummingbirds)"
187,Black Inca,Coeligena prunellei,Colombia,4622,"Trochilidae (Hummingbirds)"
188,Collared Inca,Coeligena torquata,Colombia,4623,"Trochilidae (Hummingbirds)"
189,Buff-winged Starfrontlet,Coeligena lutetiae,Colombia,4648,"Trochilidae (Hummingbirds)"
190,Golden-bellied Starfrontlet,Coeligena bonapartei,Colombia,4652,"Trochilidae (Hummingbirds)"
192,Great Sapphirewing,Pterophanes cyanopterus,Colombia,4668,"Trochilidae (Hummingbirds)"
194,Velvet-purple Coronet,Boissonneaua jardini,Colombia,4676,"Trochilidae (Hummingbirds)"
195,White-booted Racket-tail,Ocreatus underwoodii,Colombia,4678,"Trochilidae (Hummingbirds)"
196,Rufous-gaped Hillstar,Urochroa bougueri,Colombia,4689,"Trochilidae (Hummingbirds)"
197,Purple-bibbed Whitetip,Urosticte benjamini,Colombia,4691,"Trochilidae (Hummingbirds)"
198,Fawn-breasted Brilliant,Heliodoxa rubinoides,Colombia,4702,"Trochilidae (Hummingbirds)"
200,Empress Brilliant,Heliodoxa imperatrix,Colombia,4710,"Trochilidae (Hummingbirds)"
202,Long-billed Starthroat,Heliomaster longirostris,Colombia,4725,"Trochilidae (Hummingbirds)"
205,White-bellied Woodstar,Chaetocercus mulsant,Colombia,4782,"Trochilidae (Hummingbirds)"
206,Gorgeted Woodstar,Chaetocercus heliodor,Colombia,4784,"Trochilidae (Hummingbirds)"
207,Purple-throated Woodstar,Philodice mitchellii,Colombia,4795,"Trochilidae (Hummingbirds)"
209,Scintillant Hummingbird,Selasphorus scintilla,Costa Rica,4856,"Trochilidae (Hummingbirds)"
210,Western Emerald,Chlorostilbon melanorhynchus,Colombia,4914,"Trochilidae (Hummingbirds)"
212,White-vented Plumeleteer,Chalybura buffonii,Colombia,4967,"Trochilidae (Hummingbirds)"
214,Snowcap,Microchera albocoronata,Costa Rica,5005,"Trochilidae (Hummingbirds)"
215,Stripe-tailed Hummingbird,Eupherusa eximia,Costa Rica,5015,"Trochilidae (Hummingbirds)"
216,Scaly-breasted Hummingbird,Phaeochroa cuvierii,Costa Rica,5020,"Trochilidae (Hummingbirds)"
217,Steely-vented Hummingbird,Saucerottia saucerottei,Colombia,5076,"Trochilidae (Hummingbirds)"
218,Indigo-capped Hummingbird,Saucerottia cyanifrons,Colombia,5081,"Trochilidae (Hummingbirds)"
220,Andean Emerald,Uranomitra franciae,Colombia,5130,"Trochilidae (Hummingbirds)"
221,Blue-chested Hummingbird,Polyerata amabilis,Colombia,5190,"Trochilidae (Hummingbirds)"
225,Eurasian Moorhen,Gallinula chloropus,India,5462,"Rallidae (Rails, Gallinules, and Coots)"
226,Eurasian Coot,Fulica atra,India,5487,"Rallidae (Rails, Gallinules, and Coots)"
227,Red-knobbed Coot,Fulica cristata,Kenya,5494,"Rallidae (Rails, Gallinules, and Coots)"
228,Purple Gallinule,Porphyrio martinica,Costa Rica,5515,"Rallidae (Rails, Gallinules, and Coots)"
229,Gray-headed Swamphen,Porphyrio poliocephalus,India,5533,"Rallidae (Rails, Gallinules, and Coots)"
230,White-breasted Waterhen,Amaurornis phoenicurus,India,5552,"Rallidae (Rails, Gallinules, and Coots)"
231,Ruddy-breasted Crake,Zapornia fusca,India,5578,"Rallidae (Rails, Gallinules, and Coots)"
232,Brown Crake,Zapornia akool,India,5584,"Rallidae (Rails, Gallinules, and Coots)"
234,Baillon's Crake,Zapornia pusilla,India,5589,"Rallidae (Rails, Gallinules, and Coots)"
236,Limpkin,Aramus guarauna,Costa Rica,5671,"Aramidae (Limpkin)"
239,Black-necked Crane,Grus nigricollis,India,5720,"Gruidae (Cranes)"
242,Water Thick-knee,Burhinus vermiculatus,Kenya,5747,"Burhinidae (Thick-knees)"
243,Indian Thick-knee,Burhinus indicus,India,5757,"Burhinidae (Thick-knees)"
244,Black-winged Stilt,Himantopus himantopus,India,5763,"Recurvirostridae (Stilts and Avocets)"
245,Black-necked Stilt,Himantopus mexicanus,Costa Rica,5770,"Recurvirostridae (Stilts and Avocets)"
247,Ibisbill,Ibidorhyncha struthersii,India,5784,"Ibidorhynchidae (Ibisbill)"
250,Semipalmated Plover,Charadrius semipalmatus,Costa Rica,5834,"Charadriidae (Plovers and Lapwings)"
251,Three-banded Plover,Thinornis tricollaris,Kenya,5845,"Charadriidae (Plovers and Lapwings)"
252,Little Ringed Plover,Thinornis dubius,India,5848,"Charadriidae (Plovers and Lapwings)"
253,Long-toed Lapwing,Vanellus crassirostris,Kenya,5857,"Charadriidae (Plovers and Lapwings)"
254,Blacksmith Lapwing,Vanellus armatus,Kenya,5860,"Charadriidae (Plovers and Lapwings)"
257,Yellow-wattled Lapwing,Vanellus malabaricus,India,5863,"Charadriidae (Plovers and Lapwings)"
258,Black-winged Lapwing,Vanellus melanopterus,Kenya,5870,"Charadriidae (Plovers and Lapwings)"
259,Crowned Lapwing,Vanellus coronatus,Kenya,5873,"Charadriidae (Plovers and Lapwings)"
260,Red-wattled Lapwing,Vanellus indicus,India,5883,"Charadriidae (Plovers and Lapwings)"
263,Tibetan Sand-Plover,Anarhynchus atrifrons,India,5911,"Charadriidae (Plovers and Lapwings)"
265,Kittlitz's Plover,Anarhynchus pecuarius,Kenya,5938,"Charadriidae (Plovers and Lapwings)"
266,Kentish Plover,Anarhynchus alexandrinus,India,5954,"Charadriidae (Plovers and Lapwings)"
267,Greater Painted-Snipe,Rostratula benghalensis,India,5983,"Rostratulidae (Painted-Snipes)"
268,Pheasant-tailed Jacana,Hydrophasianus chirurgus,India,5987,"Jacanidae (Jacanas)"
270,Bronze-winged Jacana,Metopidius indicus,India,6004,"Jacanidae (Jacanas)"
271,African Jacana,Actophilornis africanus,Kenya,6005,"Jacanidae (Jacanas)"
272,Hudsonian Whimbrel,Numenius hudsonicus,Costa Rica,6011,"Scolopacidae (Sandpipers and Allies)"
275,Black-tailed Godwit,Limosa limosa,India,6042,"Scolopacidae (Sandpipers and Allies)"
276,Common Snipe,Gallinago gallinago,India,6099,"Scolopacidae (Sandpipers and Allies)"
279,Green Sandpiper,Tringa ochropus,India,6128,"Scolopacidae (Sandpipers and Allies)"
280,Marsh Sandpiper,Tringa stagnatilis,Kenya,6136,"Scolopacidae (Sandpipers and Allies)"
283,Willet,Tringa semipalmata,Costa Rica,6147,"Scolopacidae (Sandpipers and Allies)"
286,Ruff,Calidris pugnax,India,6177,"Scolopacidae (Sandpipers and Allies)"
287,Temminck's Stint,Calidris temminckii,India,6184,"Scolopacidae (Sandpipers and Allies)"
291,Least Sandpiper,Calidris minutilla,Costa Rica,6226,"Scolopacidae (Sandpipers and Allies)"
292,Semipalmated Sandpiper,Calidris pusilla,Costa Rica,6232,"Scolopacidae (Sandpipers and Allies)"
294,Crab-Plover,Dromas ardeola,India,6306,"Dromadidae (Crab-Plover)"
297,Indian Courser,Cursorius coromandelicus,India,6329,"Glareolidae (Pratincoles and Coursers)"
298,Small Pratincole,Glareola lactea,India,6345,"Glareolidae (Pratincoles and Coursers)"
299,Collared Pratincole,Glareola pratincola,Kenya,6347,"Glareolidae (Pratincoles and Coursers)"
300,Oriental Pratincole,Glareola maldivarum,India,6353,"Glareolidae (Pratincoles and Coursers)"
302,Black-headed Gull,Chroicocephalus ridibundus,India,6474,"Laridae (Gulls, Terns, and Skimmers)"
303,Brown-headed Gull,Chroicocephalus brunnicephalus,India,6477,"Laridae (Gulls, Terns, and Skimmers)"
304,Gray-hooded Gull,Chroicocephalus cirrocephalus,Kenya,6480,"Laridae (Gulls, Terns, and Skimmers)"
305,Pallas's Gull,Ichthyaetus ichthyaetus,India,6498,"Laridae (Gulls, Terns, and Skimmers)"
310,White-winged Tern,Chlidonias leucopterus,Kenya,6728,"Laridae (Gulls, Terns, and Skimmers)"
311,River Tern,Sterna aurantia,India,6730,"Laridae (Gulls, Terns, and Skimmers)"
313,Greater Flamingo,Phoenicopterus roseus,India,6811,"Phoenicopteridae (Flamingos)"
314,Lesser Flamingo,Phoeniconaias minor,Kenya,6815,"Phoenicopteridae (Flamingos)"
315,Little Grebe,Tachybaptus ruficollis,India,6827,"Podicipedidae (Grebes)"
316,Sunbittern,Eurypyga helias,Costa Rica,6902,"Eurypygidae (Sunbittern)"
317,Asian Openbill,Anastomus oscitans,India,7279,"Ciconiidae (Storks)"
319,African Woolly-necked Stork,Ciconia microscelis,Kenya,7285,"Ciconiidae (Storks)"
320,Asian Woolly-necked Stork,Ciconia episcopus,India,7286,"Ciconiidae (Storks)"
322,Lesser Adjutant,Leptoptilos javanicus,India,7302,"Ciconiidae (Storks)"
324,Wood Stork,Mycteria americana,Costa Rica,7306,"Ciconiidae (Storks)"
326,Painted Stork,Mycteria leucocephala,India,7309,"Ciconiidae (Storks)"
327,Magnificent Frigatebird,Fregata magnificens,Costa Rica,7315,"Fregatidae (Frigatebirds)"
328,Anhinga,Anhinga anhinga,Costa Rica,7367,"Anhingidae (Anhingas)"
330,Oriental Darter,Anhinga melanogaster,India,7374,"Anhingidae (Anhingas)"
331,Reed Cormorant,Microcarbo africanus,Kenya,7381,"Phalacrocoracidae (Cormorants and Shags)"
332,Little Cormorant,Microcarbo niger,India,7386,"Phalacrocoracidae (Cormorants and Shags)"
333,Great Cormorant,Phalacrocorax carbo,India,7397,"Phalacrocoracidae (Cormorants and Shags)"
334,Indian Cormorant,Phalacrocorax fuscicollis,India,7411,"Phalacrocoracidae (Cormorants and Shags)"
335,Neotropic Cormorant,Nannopterum brasilianum,Costa Rica,7431,"Phalacrocoracidae (Cormorants and Shags)"
337,Glossy Ibis,Plegadis falcinellus,India,7467,"Threskiornithidae (Ibises and Spoonbills)"
338,Green Ibis,Mesembrinibis cayennensis,Costa Rica,7477,"Threskiornithidae (Ibises and Spoonbills)"
339,Bare-faced Ibis,Phimosus infuscatus,Colombia,7478,"Threskiornithidae (Ibises and Spoonbills)"
340,African Sacred Ibis,Threskiornis aethiopicus,Kenya,7491,"Threskiornithidae (Ibises and Spoonbills)"
341,Black-headed Ibis,Threskiornis melanocephalus,India,7497,"Threskiornithidae (Ibises and Spoonbills)"
342,Red-naped Ibis,Pseudibis papillosa,India,7503,"Threskiornithidae (Ibises and Spoonbills)"
344,Eurasian Spoonbill,Platalea leucorodia,India,7524,"Threskiornithidae (Ibises and Spoonbills)"
345,African Spoonbill,Platalea alba,Kenya,7529,"Threskiornithidae (Ibises and Spoonbills)"
346,Roseate Spoonbill,Platalea ajaja,Costa Rica,7533,"Threskiornithidae (Ibises and Spoonbills)"
348,Fasciated Tiger-Heron,Tigrisoma fasciatum,Costa Rica,7541,"Ardeidae (Herons, Egrets, and Bitterns)"
350,Yellow-crowned Night Heron,Nyctanassa violacea,Costa Rica,7591,"Ardeidae (Herons, Egrets, and Bitterns)"
351,Black-crowned Night Heron,Nycticorax nycticorax,India,7600,"Ardeidae (Herons, Egrets, and Bitterns)"
352,Little Blue Heron,Egretta caerulea,Costa Rica,7629,"Ardeidae (Herons, Egrets, and Bitterns)"
353,Tricolored Heron,Egretta tricolor,Costa Rica,7630,"Ardeidae (Herons, Egrets, and Bitterns)"
354,Snowy Egret,Egretta thula,Costa Rica,7645,"Ardeidae (Herons, Egrets, and Bitterns)"
355,Little Egret,Egretta garzetta,India,7650,"Ardeidae (Herons, Egrets, and Bitterns)"
356,Western Reef-Heron,Egretta gularis,India,7655,"Ardeidae (Herons, Egrets, and Bitterns)"
357,Little Heron,Butorides atricapilla,Kenya,7673,"Ardeidae (Herons, Egrets, and Bitterns)"
359,Squacco Heron,Ardeola ralloides,Kenya,7714,"Ardeidae (Herons, Egrets, and Bitterns)"
360,Indian Pond-Heron,Ardeola grayii,India,7716,"Ardeidae (Herons, Egrets, and Bitterns)"
361,Western Cattle-Egret,Ardea ibis,Costa Rica,7724,"Ardeidae (Herons, Egrets, and Bitterns)"
362,Eastern Cattle-Egret,Ardea coromanda,India,7726,"Ardeidae (Herons, Egrets, and Bitterns)"
363,Great Egret,Ardea alba,India,7729,"Ardeidae (Herons, Egrets, and Bitterns)"
364,Yellow-billed Egret,Ardea brachyrhyncha,Kenya,7734,"Ardeidae (Herons, Egrets, and Bitterns)"
365,Medium Egret,Ardea intermedia,India,7737,"Ardeidae (Herons, Egrets, and Bitterns)"
366,Gray Heron,Ardea cinerea,India,7745,"Ardeidae (Herons, Egrets, and Bitterns)"
367,Great Blue Heron,Ardea herodias,Costa Rica,7753,"Ardeidae (Herons, Egrets, and Bitterns)"
368,Purple Heron,Ardea purpurea,India,7766,"Ardeidae (Herons, Egrets, and Bitterns)"
369,Black-headed Heron,Ardea melanocephala,Kenya,7779,"Ardeidae (Herons, Egrets, and Bitterns)"
370,Goliath Heron,Ardea goliath,Kenya,7780,"Ardeidae (Herons, Egrets, and Bitterns)"
374,Pink-backed Pelican,Pelecanus rufescens,Kenya,7802,"Pelecanidae (Pelicans)"
375,Dalmatian Pelican,Pelecanus crispus,India,7804,"Pelecanidae (Pelicans)"
378,Turkey Vulture,Cathartes aura,Costa Rica,7815,"Cathartidae (New World Vultures)"
379,Secretarybird,Sagittarius serpentarius,Kenya,7830,"Sagittariidae (Secretarybird)"
381,White-tailed Kite,Elanus leucurus,Costa Rica,7843,"Accipitridae (Hawks, Eagles, and Kites)"
382,Black-winged Kite,Elanus caeruleus,India,7846,"Accipitridae (Hawks, Eagles, and Kites)"
384,Egyptian Vulture,Neophron percnopterus,India,7862,"Accipitridae (Hawks, Eagles, and Kites)"
385,Jerdon's Baza,Aviceda jerdoni,India,7880,"Accipitridae (Hawks, Eagles, and Kites)"
387,Oriental Honey-buzzard,Pernis ptilorhynchus,India,7906,"Accipitridae (Hawks, Eagles, and Kites)"
388,Swallow-tailed Kite,Elanoides forficatus,Costa Rica,7921,"Accipitridae (Hawks, Eagles, and Kites)"
389,Lappet-faced Vulture,Torgos tracheliotos,Kenya,7931,"Accipitridae (Hawks, Eagles, and Kites)"
390,Hooded Vulture,Necrosyrtes monachus,Kenya,7935,"Accipitridae (Hawks, Eagles, and Kites)"
392,White-backed Vulture,Gyps africanus,Kenya,7938,"Accipitridae (Hawks, Eagles, and Kites)"
393,Indian Vulture,Gyps indicus,India,7939,"Accipitridae (Hawks, Eagles, and Kites)"
395,Bateleur,Terathopius ecaudatus,Kenya,7985,"Accipitridae (Hawks, Eagles, and Kites)"
397,Short-toed Snake-Eagle,Circaetus gallicus,India,7993,"Accipitridae (Hawks, Eagles, and Kites)"
398,Brown Snake-Eagle,Circaetus cinereus,Kenya,7996,"Accipitridae (Hawks, Eagles, and Kites)"
399,Changeable Hawk-Eagle,Nisaetus cirrhatus,India,8011,"Accipitridae (Hawks, Eagles, and Kites)"
400,Black Hawk-Eagle,Spizaetus tyrannus,Costa Rica,8021,"Accipitridae (Hawks, Eagles, and Kites)"
401,Martial Eagle,Polemaetus bellicosus,Kenya,8033,"Accipitridae (Hawks, Eagles, and Kites)"
405,Wahlberg's Eagle,Hieraaetus wahlbergi,Kenya,8044,"Accipitridae (Hawks, Eagles, and Kites)"
406,Booted Eagle,Hieraaetus pennatus,India,8047,"Accipitridae (Hawks, Eagles, and Kites)"
408,Imperial Eagle,Aquila heliaca,India,8052,"Accipitridae (Hawks, Eagles, and Kites)"
411,Verreaux's Eagle,Aquila verreauxii,Kenya,8071,"Accipitridae (Hawks, Eagles, and Kites)"
412,Bonelli's Eagle,Aquila fasciata,India,8072,"Accipitridae (Hawks, Eagles, and Kites)"
413,African Hawk-Eagle,Aquila spilogaster,Kenya,8075,"Accipitridae (Hawks, Eagles, and Kites)"
415,Gabar Goshawk,Micronisus gabar,Kenya,8098,"Accipitridae (Hawks, Eagles, and Kites)"
416,Dark Chanting-Goshawk,Melierax metabates,Kenya,8103,"Accipitridae (Hawks, Eagles, and Kites)"
418,African Goshawk,Aerospiza tachiro,Kenya,8118,"Accipitridae (Hawks, Eagles, and Kites)"
419,Little Sparrowhawk,Tachyspiza minulla,Kenya,8134,"Accipitridae (Hawks, Eagles, and Kites)"
420,Besra,Tachyspiza virgata,India,8135,"Accipitridae (Hawks, Eagles, and Kites)"
422,Eurasian Sparrowhawk,Accipiter nisus,India,8245,"Accipitridae (Hawks, Eagles, and Kites)"
423,Western Marsh Harrier,Circus aeruginosus,India,8306,"Accipitridae (Hawks, Eagles, and Kites)"
424,Pallid Harrier,Circus macrourus,India,8326,"Accipitridae (Hawks, Eagles, and Kites)"
425,Montagu's Harrier,Circus pygargus,India,8329,"Accipitridae (Hawks, Eagles, and Kites)"
426,Black Kite,Milvus migrans,India,8345,"Accipitridae (Hawks, Eagles, and Kites)"
430,Snail Kite,Rostrhamus sociabilis,Costa Rica,8403,"Accipitridae (Hawks, Eagles, and Kites)"
431,Common Black Hawk,Buteogallus anthracinus,Costa Rica,8411,"Accipitridae (Hawks, Eagles, and Kites)"
432,Roadside Hawk,Rupornis magnirostris,Costa Rica,8430,"Accipitridae (Hawks, Eagles, and Kites)"
433,Black-chested Buzzard-Eagle,Geranoaetus melanoleucus,Colombia,8458,"Accipitridae (Hawks, Eagles, and Kites)"
434,White Hawk,Pseudastur albicollis,Costa Rica,8463,"Accipitridae (Hawks, Eagles, and Kites)"
435,Gray Hawk,Buteo plagiatus,Costa Rica,8473,"Accipitridae (Hawks, Eagles, and Kites)"
436,Broad-winged Hawk,Buteo platypterus,Costa Rica,8479,"Accipitridae (Hawks, Eagles, and Kites)"
437,Short-tailed Hawk,Buteo brachyurus,Costa Rica,8501,"Accipitridae (Hawks, Eagles, and Kites)"
439,Common Buzzard,Buteo buteo,Kenya,8543,"Accipitridae (Hawks, Eagles, and Kites)"
440,Long-legged Buzzard,Buteo rufinus,India,8556,"Accipitridae (Hawks, Eagles, and Kites)"
441,Upland Buzzard,Buteo hemilasius,India,8561,"Accipitridae (Hawks, Eagles, and Kites)"
442,Himalayan Buzzard,Buteo refectus,India,8564,"Accipitridae (Hawks, Eagles, and Kites)"
443,Eastern Barn Owl,Tyto javanica,India,8623,"Tytonidae (Barn-Owls)"
444,Mountain Scops-Owl,Otus spilocephalus,India,8671,"Strigidae (Owls)"
445,Indian Scops-Owl,Otus bakkamoena,India,8685,"Strigidae (Owls)"
446,Oriental Scops-Owl,Otus sunia,India,8773,"Strigidae (Owls)"
447,Tropical Screech-Owl,Megascops choliba,Colombia,8810,"Strigidae (Owls)"
448,Northern White-faced Owl,Ptilopsis leucotis,Kenya,8890,"Strigidae (Owls)"
450,Spectacled Owl,Pulsatrix perspicillata,Costa Rica,8897,"Strigidae (Owls)"
452,Grayish Eagle-Owl,Bubo cinerascens,Kenya,8931,"Strigidae (Owls)"
453,Spotted Eagle-Owl,Bubo africanus,Kenya,8932,"Strigidae (Owls)"
454,Eurasian Eagle-Owl,Bubo bubo,India,8944,"Strigidae (Owls)"
455,Verreaux's Eagle-Owl,Ketupa lactea,Kenya,8966,"Strigidae (Owls)"
456,Brown Fish-Owl,Ketupa zeylonensis,India,8976,"Strigidae (Owls)"
457,Spot-bellied Eagle-Owl,Ketupa nipalensis,India,8987,"Strigidae (Owls)"
461,Jungle Owlet,Glaucidium radiatum,India,9075,"Strigidae (Owls)"
462,Collared Owlet,Taenioptynx brodiei,India,9089,"Strigidae (Owls)"
464,Little Owl,Athene noctua,India,9107,"Strigidae (Owls)"
465,Forest Owlet,Athene blewitti,India,9123,"Strigidae (Owls)"
470,Short-eared Owl,Asio flammeus,India,9276,"Strigidae (Owls)"
471,Brown Boobook,Ninox scutulata,India,9351,"Strigidae (Owls)"
472,Speckled Mousebird,Colius striatus,Kenya,9403,"Coliidae (Mousebirds)"
473,Blue-naped Mousebird,Urocolius macrourus,Kenya,9428,"Coliidae (Mousebirds)"
478,Black-headed Trogon,Trogon melanocephalus,Costa Rica,9534,"Trogonidae (Trogons)"
479,Gartered Violaceous Trogon,Trogon caligatus,Costa Rica,9543,"Trogonidae (Trogons)"
480,Graceful Black-throated Trogon,Trogon tenellus,Costa Rica,9560,"Trogonidae (Trogons)"
482,Common Hoopoe,Upupa epops,India,9604,"Upupidae (Hoopoes)"
483,Green Woodhoopoe,Phoeniculus purpureus,Kenya,9618,"Phoeniculidae (Woodhoopoes and Scimitarbills)"
484,Abyssinian Scimitarbill,Rhinopomastus minor,Kenya,9650,"Phoeniculidae (Woodhoopoes and Scimitarbills)"
485,Crowned Hornbill,Lophoceros alboterminatus,Kenya,9658,"Bucerotidae (Hornbills)"
486,Hemprich's Hornbill,Lophoceros hemprichii,Kenya,9663,"Bucerotidae (Hornbills)"
487,African Gray Hornbill,Lophoceros nasutus,Kenya,9664,"Bucerotidae (Hornbills)"
489,Jackson's Hornbill,Tockus jacksoni,Kenya,9675,"Bucerotidae (Hornbills)"
490,Von der Decken's Hornbill,Tockus deckeni,Kenya,9676,"Bucerotidae (Hornbills)"
492,Great Hornbill,Buceros bicornis,India,9719,"Bucerotidae (Hornbills)"
493,Indian Gray Hornbill,Ocyceros birostris,India,9724,"Bucerotidae (Hornbills)"
494,Malabar Gray Hornbill,Ocyceros griseus,India,9725,"Bucerotidae (Hornbills)"
495,Malabar Pied-Hornbill,Anthracoceros coronatus,India,9730,"Bucerotidae (Hornbills)"
498,Blue-bearded Bee-eater,Nyctyornis athertoni,India,9768,"Meropidae (Bee-eaters)"
499,White-fronted Bee-eater,Merops bullockoides,Kenya,9780,"Meropidae (Bee-eaters)"
502,Asian Green Bee-eater,Merops orientalis,India,9811,"Meropidae (Bee-eaters)"
504,European Bee-eater,Merops apiaster,Kenya,9829,"Meropidae (Bee-eaters)"
505,Chestnut-headed Bee-eater,Merops leschenaulti,India,9830,"Meropidae (Bee-eaters)"
506,Lesson's Motmot,Momotus lessonii,Costa Rica,9857,"Momotidae (Motmots)"
508,Rufous Motmot,Baryphthengus martii,Colombia,9883,"Momotidae (Motmots)"
511,Common Kingfisher,Alcedo atthis,India,9912,"Alcedinidae (Kingfishers)"
512,Blue-eared Kingfisher,Alcedo meninting,India,9929,"Alcedinidae (Kingfishers)"
513,Black-backed Dwarf-Kingfisher,Ceyx erithaca,India,9964,"Alcedinidae (Kingfishers)"
515,African Pygmy Kingfisher,Ispidina picta,Kenya,10014,"Alcedinidae (Kingfishers)"
516,Stork-billed Kingfisher,Pelargopsis capensis,India,10044,"Alcedinidae (Kingfishers)"
517,White-throated Kingfisher,Halcyon smyrnensis,India,10076,"Alcedinidae (Kingfishers)"
518,Gray-headed Kingfisher,Halcyon leucocephala,Kenya,10083,"Alcedinidae (Kingfishers)"
519,Woodland Kingfisher,Halcyon senegalensis,Kenya,10091,"Alcedinidae (Kingfishers)"
520,Striped Kingfisher,Halcyon chelicuti,Kenya,10108,"Alcedinidae (Kingfishers)"
521,Giant Kingfisher,Megaceryle maxima,Kenya,10293,"Alcedinidae (Kingfishers)"
522,Crested Kingfisher,Megaceryle lugubris,India,10296,"Alcedinidae (Kingfishers)"
524,Pied Kingfisher,Ceryle rudis,India,10307,"Alcedinidae (Kingfishers)"
532,Broad-billed Roller,Eurystomus glaucurus,Kenya,10349,"Coraciidae (Rollers)"
533,Dollarbird,Eurystomus orientalis,Vietnam,10358,"Coraciidae (Rollers)"
536,Red-and-yellow Barbet,Trachyphonus erythrocephalus,Kenya,10538,"Lybiidae (African Barbets)"
537,D'Arnaud's Barbet,Trachyphonus darnaudii,Kenya,10545,"Lybiidae (African Barbets)"
538,Gray-throated Barbet,Gymnobucco bonapartei,Kenya,10557,"Lybiidae (African Barbets)"
539,Yellow-rumped Tinkerbird,Pogoniulus bilineatus,Kenya,10600,"Lybiidae (African Barbets)"
540,Northern Red-fronted Tinkerbird,Pogoniulus uropygialis,Kenya,10609,"Lybiidae (African Barbets)"
541,Red-fronted Barbet,Tricholaema diademata,Kenya,10628,"Lybiidae (African Barbets)"
542,Spot-flanked Barbet,Tricholaema lacrymosa,Kenya,10637,"Lybiidae (African Barbets)"
543,Black-throated Barbet,Tricholaema melanocephala,Kenya,10641,"Lybiidae (African Barbets)"
544,White-headed Barbet,Lybius leucocephalus,Kenya,10655,"Lybiidae (African Barbets)"
545,Double-toothed Barbet,Pogonornis bidentatus,Kenya,10678,"Lybiidae (African Barbets)"
546,Malabar Barbet,Psilopogon malabaricus,India,10691,"Megalaimidae (Asian Barbets)"
547,Coppersmith Barbet,Psilopogon haemacephalus,India,10693,"Megalaimidae (Asian Barbets)"
548,Blue-eared Barbet,Psilopogon cyanotis,Vietnam,10707,"Megalaimidae (Asian Barbets)"
549,Great Barbet,Psilopogon virens,India,10721,"Megalaimidae (Asian Barbets)"
550,Lineated Barbet,Psilopogon lineatus,India,10744,"Megalaimidae (Asian Barbets)"
551,Brown-headed Barbet,Psilopogon zeylanicus,India,10748,"Megalaimidae (Asian Barbets)"
552,White-cheeked Barbet,Psilopogon viridis,India,10753,"Megalaimidae (Asian Barbets)"
553,Necklaced Barbet,Psilopogon auricularis,Vietnam,10759,"Megalaimidae (Asian Barbets)"
554,Blue-throated Barbet,Psilopogon asiaticus,India,10776,"Megalaimidae (Asian Barbets)"
555,Indochinese Barbet,Psilopogon annamensis,Vietnam,10779,"Megalaimidae (Asian Barbets)"
556,Spot-crowned Barbet,Capito maculicoronatus,Colombia,10787,"Capitonidae (New World Barbets)"
561,Southern Emerald-Toucanet,Aulacorhynchus albivitta,Colombia,10845,"Ramphastidae (Toucans)"
566,Fiery-billed Aracari,Pteroglossus frantzii,Costa Rica,10894,"Ramphastidae (Toucans)"
567,Yellow-throated Toucan,Ramphastos ambiguus,Costa Rica,10926,"Ramphastidae (Toucans)"
569,Lesser Honeyguide,Indicator minor,Kenya,10979,"Indicatoridae (Honeyguides)"
570,Scaly-throated Honeyguide,Indicator variegatus,Kenya,10993,"Indicatoridae (Honeyguides)"
573,Olivaceous Piculet,Picumnus olivaceus,Colombia,11090,"Picidae (Woodpeckers)"
578,Hoffmann's Woodpecker,Melanerpes hoffmannii,Costa Rica,11180,"Picidae (Woodpeckers)"
579,Brown-capped Pygmy Woodpecker,Yungipicus nanus,India,11228,"Picidae (Woodpeckers)"
580,Gray-capped Pygmy Woodpecker,Yungipicus canicapillus,Vietnam,11236,"Picidae (Woodpeckers)"
581,Yellow-crowned Woodpecker,Leiopicus mahrattensis,India,11263,"Picidae (Woodpeckers)"
582,Brown-fronted Woodpecker,Dendrocoptes auriceps,India,11271,"Picidae (Woodpeckers)"
583,Cardinal Woodpecker,Dendropicos fuscescens,Kenya,11289,"Picidae (Woodpeckers)"
584,Mountain Gray Woodpecker,Dendropicos spodocephalus,Kenya,11311,"Picidae (Woodpeckers)"
585,Rufous-bellied Woodpecker,Dendrocopos hyperythrus,India,11318,"Picidae (Woodpeckers)"
588,Himalayan Woodpecker,Dendrocopos himalayensis,India,11369,"Picidae (Woodpeckers)"
589,Smoky-brown Woodpecker,Leuconotopicus fumigatus,Colombia,11455,"Picidae (Woodpeckers)"
590,Bay Woodpecker,Blythipicus pyrrhotis,Vietnam,11517,"Picidae (Woodpeckers)"
592,Malabar Flameback,Chrysocolaptes socialis,India,11531,"Picidae (Woodpeckers)"
593,White-naped Woodpecker,Chrysocolaptes festivus,India,11544,"Picidae (Woodpeckers)"
594,Powerful Woodpecker,Campephilus pollens,Colombia,11547,"Picidae (Woodpeckers)"
597,Common Flameback,Dinopium javanense,Vietnam,11607,"Picidae (Woodpeckers)"
598,Black-rumped Flameback,Dinopium benghalense,India,11618,"Picidae (Woodpeckers)"
599,Lesser Yellownape,Picus chlorolophus,India,11628,"Picidae (Woodpeckers)"
602,Laced Woodpecker,Picus vittatus,Vietnam,11652,"Picidae (Woodpeckers)"
603,Gray-headed Woodpecker,Picus canus,India,11655,"Picidae (Woodpeckers)"
604,Greater Yellownape,Chrysophlegma flavinucha,India,11689,"Picidae (Woodpeckers)"
605,Nubian Woodpecker,Campethera nubica,Kenya,11722,"Picidae (Woodpeckers)"
606,Great Slaty Woodpecker,Mulleripicus pulverulentus,India,11750,"Picidae (Woodpeckers)"
607,Lineated Woodpecker,Dryocopus lineatus,Costa Rica,11754,"Picidae (Woodpeckers)"
608,White-bellied Woodpecker,Dryocopus javensis,India,11767,"Picidae (Woodpeckers)"
609,Laughing Falcon,Herpetotheres cachinnans,Costa Rica,11939,"Falconidae (Falcons and Caracaras)"
612,Pygmy Falcon,Polihierax semitorquatus,Kenya,11978,"Falconidae (Falcons and Caracaras)"
613,Lesser Kestrel,Falco naumanni,India,11992,"Falconidae (Falcons and Caracaras)"
614,Eurasian Kestrel,Falco tinnunculus,India,11993,"Falconidae (Falcons and Caracaras)"
615,Gray Kestrel,Falco ardosiaceus,Kenya,12049,"Falconidae (Falcons and Caracaras)"
619,Lanner Falcon,Falco biarmicus,Kenya,12101,"Falconidae (Falcons and Caracaras)"
620,Peregrine Falcon,Falco peregrinus,Costa Rica,12114,"Falconidae (Falcons and Caracaras)"
621,Alexandrine Parakeet,Psittacula eupatria,India,12343,"Psittaculidae (Old World Parrots)"
622,Rose-ringed Parakeet,Psittacula krameri,India,12350,"Psittaculidae (Old World Parrots)"
623,Slaty-headed Parakeet,Psittacula himalayana,India,12359,"Psittaculidae (Old World Parrots)"
626,Malabar Parakeet,Psittacula columboides,India,12367,"Psittaculidae (Old World Parrots)"
627,Vernal Hanging-Parrot,Loriculus vernalis,India,12703,"Psittaculidae (Old World Parrots)"
628,Meyer's Parrot,Poicephalus meyeri,Kenya,12773,"Psittacidae (New World and African Parrots)"
632,White-crowned Parrot,Pionus senilis,Costa Rica,12894,"Psittacidae (New World and African Parrots)"
634,Yellow-naped Amazon,Amazona auropalliata,Costa Rica,12921,"Psittacidae (New World and African Parrots)"
635,Mealy Amazon,Amazona farinosa,Costa Rica,12960,"Psittacidae (New World and African Parrots)"
636,Spectacled Parrotlet,Forpus conspicillatus,Colombia,12996,"Psittacidae (New World and African Parrots)"
639,Golden-plumed Parakeet,Leptosittaca branickii,Colombia,13161,"Psittacidae (New World and African Parrots)"
641,Long-tailed Broadbill,Psarisomus dalhousiae,Vietnam,13254,"Eurylaimidae (Asian and Grauer's Broadbills)"
643,Black-and-red Broadbill,Cymbirhynchus macrorhynchos,Vietnam,13281,"Eurylaimidae (Asian and Grauer's Broadbills)"
644,Blue-rumped Pitta,Hydrornis soror,Vietnam,13356,"Pittidae (Pittas)"
645,Blue Pitta,Hydrornis cyaneus,Vietnam,13370,"Pittidae (Pittas)"
647,Indian Pitta,Pitta brachyura,India,13382,"Pittidae (Pittas)"
650,Black-hooded Antshrike,Thamnophilus bridgesi,Costa Rica,13539,"Thamnophilidae (Typical Antbirds)"
651,Slaty Antwren,Myrmotherula schisticolor,Colombia,13740,"Thamnophilidae (Typical Antbirds)"
652,Dusky Antbird,Cercomacroides tyrannina,Costa Rica,13906,"Thamnophilidae (Typical Antbirds)"
654,Chestnut-crowned Antpitta,Grallaria ruficapilla,Colombia,14234,"Grallariidae (Antpittas)"
655,Bicolored Antpitta,Grallaria rufocinerea,Colombia,14267,"Grallariidae (Antpittas)"
656,Equatorial Antpitta,Grallaria saturata,Colombia,14277,"Grallariidae (Antpittas)"
657,Tawny Antpitta,Grallaria quitensis,Colombia,14286,"Grallariidae (Antpittas)"
658,Slate-crowned Antpitta,Grallaricula nana,Colombia,14352,"Grallariidae (Antpittas)"
659,Wedge-billed Woodcreeper,Glyphorynchus spirurus,Costa Rica,14683,"Furnariidae (Ovenbirds and Woodcreepers)"
661,Streak-headed Woodcreeper,Lepidocolaptes souleyetii,Costa Rica,14921,"Furnariidae (Ovenbirds and Woodcreepers)"
662,Montane Woodcreeper,Lepidocolaptes lacrymiger,Colombia,14946,"Furnariidae (Ovenbirds and Woodcreepers)"
663,Northern Plain-Xenops,Xenops mexicanus,Costa Rica,14973,"Furnariidae (Ovenbirds and Woodcreepers)"
664,Streaked Xenops,Xenops rutilans,Colombia,14986,"Furnariidae (Ovenbirds and Woodcreepers)"
665,Stout-billed Cinclodes,Cinclodes excelsior,Colombia,15108,"Furnariidae (Ovenbirds and Woodcreepers)"
666,Lineated Foliage-gleaner,Syndactyla subalaris,Colombia,15166,"Furnariidae (Ovenbirds and Woodcreepers)"
667,Ruddy Treerunner,Margarornis rubiginosus,Costa Rica,15300,"Furnariidae (Ovenbirds and Woodcreepers)"
668,Pearled Treerunner,Margarornis squamiger,Colombia,15304,"Furnariidae (Ovenbirds and Woodcreepers)"
669,Andean Tit-Spinetail,Leptasthenura andicola,Colombia,15336,"Furnariidae (Ovenbirds and Woodcreepers)"
670,White-browed Spinetail,Hellmayrea gularis,Colombia,15366,"Furnariidae (Ovenbirds and Woodcreepers)"
671,Red-faced Spinetail,Cranioleuca erythrops,Colombia,15514,"Furnariidae (Ovenbirds and Woodcreepers)"
672,Slaty Spinetail,Synallaxis brachyura,Colombia,15592,"Furnariidae (Ovenbirds and Woodcreepers)"
673,Azara's Spinetail,Synallaxis azarae,Colombia,15635,"Furnariidae (Ovenbirds and Woodcreepers)"
677,Three-wattled Bellbird,Procnias tricarunculatus,Costa Rica,15940,"Cotingidae (Cotingas)"
678,Black-crowned Tityra,Tityra inquisitor,Costa Rica,15961,"Tityridae (Tityras and Allies)"
680,Barred Becard,Pachyramphus versicolor,Colombia,16029,"Tityridae (Tityras and Allies)"
681,Rose-throated Becard,Pachyramphus aglaiae,Costa Rica,16073,"Tityridae (Tityras and Allies)"
682,Sulphur-rumped Flycatcher,Myiobius sulphureipygius,Costa Rica,16124,"Onychorhynchidae (Royal Flycatchers and Allies)"
683,Streak-necked Flycatcher,Mionectes striaticollis,Colombia,16201,"Tyrannidae (Tyrant Flycatchers)"
684,Olive-striped Flycatcher,Mionectes galbinus,Colombia,16207,"Tyrannidae (Tyrant Flycatchers)"
686,Rufous-breasted Flycatcher,Leptopogon rufipectus,Colombia,16244,"Tyrannidae (Tyrant Flycatchers)"
687,Northern Bentbill,Oncostoma cinereigulare,Costa Rica,16324,"Tyrannidae (Tyrant Flycatchers)"
688,Rufous-crowned Tody-Flycatcher,Poecilotriccus ruficeps,Colombia,16384,"Tyrannidae (Tyrant Flycatchers)"
691,Cinnamon Flycatcher,Pyrrhomyias cinnamomeus,Colombia,16519,"Tyrannidae (Tyrant Flycatchers)"
692,Yellow-bellied Elaenia,Elaenia flavogaster,Costa Rica,16698,"Tyrannidae (Tyrant Flycatchers)"
693,Torrent Tyrannulet,Serpophaga cinerea,Costa Rica,16746,"Tyrannidae (Tyrant Flycatchers)"
694,Black-capped Tyrannulet,Tyranniscus nigrocapillus,Colombia,16789,"Tyrannidae (Tyrant Flycatchers)"
695,Golden-faced Tyrannulet,Zimmerius chrysops,Colombia,16806,"Tyrannidae (Tyrant Flycatchers)"
696,Western Wood-Pewee,Contopus sordidulus,Costa Rica,16912,"Tyrannidae (Tyrant Flycatchers)"
697,Northern Tropical Pewee,Contopus bogotensis,Costa Rica,16917,"Tyrannidae (Tyrant Flycatchers)"
698,Yellowish Flycatcher,Empidonax flavescens,Costa Rica,16984,"Tyrannidae (Tyrant Flycatchers)"
699,Buff-breasted Flycatcher,Empidonax fulvifrons,Vietnam,16989,"Tyrannidae (Tyrant Flycatchers)"
700,Black-capped Flycatcher,Empidonax atriceps,Costa Rica,16996,"Tyrannidae (Tyrant Flycatchers)"
703,Yellow-bellied Chat-Tyrant,Silvicultrix diadema,Colombia,17181,"Tyrannidae (Tyrant Flycatchers)"
704,Chestnut-bellied Chat-Tyrant,Ochthoeca cinnamomeiventris,Colombia,17189,"Tyrannidae (Tyrant Flycatchers)"
705,Brown-backed Chat-Tyrant,Ochthoeca fumicolor,Colombia,17202,"Tyrannidae (Tyrant Flycatchers)"
706,Long-tailed Tyrant,Colonia colonus,Costa Rica,17220,"Tyrannidae (Tyrant Flycatchers)"
707,Rufous Mourner,Rhytipterna holerythra,Costa Rica,17271,"Tyrannidae (Tyrant Flycatchers)"
708,Dusky-capped Flycatcher,Myiarchus tuberculifer,Costa Rica,17284,"Tyrannidae (Tyrant Flycatchers)"
709,Panama Flycatcher,Myiarchus panamensis,Colombia,17308,"Tyrannidae (Tyrant Flycatchers)"
710,Pale-edged Flycatcher,Myiarchus cephalotes,Colombia,17320,"Tyrannidae (Tyrant Flycatchers)"
711,Cattle Tyrant,Machetornis rixosa,Colombia,17361,"Tyrannidae (Tyrant Flycatchers)"
714,Rusty-margined Flycatcher,Myiozetetes cayanensis,Colombia,17387,"Tyrannidae (Tyrant Flycatchers)"
716,Golden-bellied Flycatcher,Myiodynastes hemichrysus,Colombia,17423,"Tyrannidae (Tyrant Flycatchers)"
717,Streaked Flycatcher,Myiodynastes maculatus,Costa Rica,17429,"Tyrannidae (Tyrant Flycatchers)"
719,Piratic Flycatcher,Legatus leucophaius,Costa Rica,17440,"Tyrannidae (Tyrant Flycatchers)"
721,White-bellied Minivet,Pericrocotus erythropygius,India,18572,"Campephagidae (Cuckooshrikes)"
723,Short-billed Minivet,Pericrocotus brevirostris,Vietnam,18599,"Campephagidae (Cuckooshrikes)"
724,Long-tailed Minivet,Pericrocotus ethologus,India,18605,"Campephagidae (Cuckooshrikes)"
725,Orange Minivet,Pericrocotus flammeus,India,18613,"Campephagidae (Cuckooshrikes)"
726,Scarlet Minivet,Pericrocotus speciosus,India,18614,"Campephagidae (Cuckooshrikes)"
727,Indian Cuckooshrike,Coracina macei,India,18719,"Campephagidae (Cuckooshrikes)"
728,Black Cuckooshrike,Campephaga flava,Kenya,18770,"Campephagidae (Cuckooshrikes)"
729,Black-winged Cuckooshrike,Lalage melaschistos,Vietnam,18842,"Campephagidae (Cuckooshrikes)"
731,Indochinese Cuckooshrike,Lalage polioptera,Vietnam,18857,"Campephagidae (Cuckooshrikes)"
732,White-browed Shrike-Babbler,Pteruthius aeralatus,India,19017,"Vireonidae (Vireos, Shrike-Babblers, and Erpornis)"
733,White-bellied Erpornis,Erpornis zantholeuca,Vietnam,19042,"Vireonidae (Vireos, Shrike-Babblers, and Erpornis)"
734,Scrub Greenlet,Hylophilus flavipes,Costa Rica,19085,"Vireonidae (Vireos, Shrike-Babblers, and Erpornis)"
736,Red-eyed Vireo,Vireo olivaceus,Costa Rica,19267,"Vireonidae (Vireos, Shrike-Babblers, and Erpornis)"
737,Indian Golden Oriole,Oriolus kundoo,India,19630,"Oriolidae (Old World Orioles)"
738,African Black-headed Oriole,Oriolus larvatus,Kenya,19676,"Oriolidae (Old World Orioles)"
739,Black-hooded Oriole,Oriolus xanthornus,India,19685,"Oriolidae (Old World Orioles)"
741,Chinspot Batis,Batis molitor,Kenya,19875,"Platysteiridae (Wattle-eyes and Batises)"
742,Pygmy Batis,Batis perkeo,Kenya,19897,"Platysteiridae (Wattle-eyes and Batises)"
743,Retz's Helmetshrike,Prionops retzii,Kenya,19920,"Vangidae (Vangas, Helmetshrikes, and Allies)"
745,Common Woodshrike,Tephrodornis pondicerianus,India,19949,"Vangidae (Vangas, Helmetshrikes, and Allies)"
746,Bar-winged Flycatcher-shrike,Hemipus picatus,India,19956,"Vangidae (Vangas, Helmetshrikes, and Allies)"
747,Common Iora,Aegithina tiphia,India,20011,"Aegithinidae (Ioras)"
748,White-tailed Iora,Aegithina nigrolutea,India,20023,"Aegithinidae (Ioras)"
749,Brubru,Nilaus afer,Kenya,20034,"Malaconotidae (Bushshrikes and Allies)"
750,Northern Puffback,Dryoscopus gambensis,Kenya,20044,"Malaconotidae (Bushshrikes and Allies)"
751,Black-backed Puffback,Dryoscopus cubla,Kenya,20050,"Malaconotidae (Bushshrikes and Allies)"
752,Brown-crowned Tchagra,Tchagra australis,Kenya,20083,"Malaconotidae (Bushshrikes and Allies)"
753,Three-streaked Tchagra,Tchagra jamesi,Kenya,20093,"Malaconotidae (Bushshrikes and Allies)"
754,Tropical Boubou,Laniarius major,Kenya,20111,"Malaconotidae (Bushshrikes and Allies)"
756,Papyrus Gonolek,Laniarius mufumbiri,Kenya,20134,"Malaconotidae (Bushshrikes and Allies)"
757,Slate-colored Boubou,Laniarius funebris,Kenya,20136,"Malaconotidae (Bushshrikes and Allies)"
758,Rosy-patched Bushshrike,Rhodophoneus cruentus,Kenya,20149,"Malaconotidae (Bushshrikes and Allies)"
760,White-throated Fantail,Rhipidura albicollis,India,20278,"Rhipiduridae (Fantails)"
761,Spot-breasted Fantail,Rhipidura albogularis,India,20288,"Rhipiduridae (Fantails)"
762,Fork-tailed Drongo,Dicrurus adsimilis,Kenya,20415,"Dicruridae (Drongos)"
763,Black Drongo,Dicrurus macrocercus,India,20434,"Dicruridae (Drongos)"
764,Ashy Drongo,Dicrurus leucophaeus,India,20442,"Dicruridae (Drongos)"
765,White-bellied Drongo,Dicrurus caerulescens,India,20464,"Dicruridae (Drongos)"
766,Bronzed Drongo,Dicrurus aeneus,India,20470,"Dicruridae (Drongos)"
771,African Paradise-Flycatcher,Terpsiphone viridis,Kenya,20781,"Monarchidae (Monarch Flycatchers)"
772,Isabelline Shrike,Lanius isabellinus,India,21048,"Laniidae (Shrikes)"
773,Brown Shrike,Lanius cristatus,India,21054,"Laniidae (Shrikes)"
774,Burmese Shrike,Lanius collurioides,Vietnam,21062,"Laniidae (Shrikes)"
776,Long-tailed Shrike,Lanius schach,India,21069,"Laniidae (Shrikes)"
777,Great Gray Shrike,Lanius excubitor,India,21112,"Laniidae (Shrikes)"
778,Gray-backed Fiscal,Lanius excubitoroides,Kenya,21134,"Laniidae (Shrikes)"
779,Long-tailed Fiscal,Lanius cabanisi,Kenya,21138,"Laniidae (Shrikes)"
780,Taita Fiscal,Lanius dorsalis,Kenya,21139,"Laniidae (Shrikes)"
781,Northern Fiscal,Lanius humeralis,Kenya,21142,"Laniidae (Shrikes)"
784,Brown Jay,Cyanocorax morio,Costa Rica,21222,"Corvidae (Crows, Jays, and Magpies)"
786,Black-chested Jay,Cyanocorax affinis,Colombia,21259,"Corvidae (Crows, Jays, and Magpies)"
787,Eurasian Jay,Garrulus glandarius,India,21339,"Corvidae (Crows, Jays, and Magpies)"
788,Black-headed Jay,Garrulus lanceolatus,India,21387,"Corvidae (Crows, Jays, and Magpies)"
789,Yellow-billed Blue-Magpie,Urocissa flavirostris,India,21403,"Corvidae (Crows, Jays, and Magpies)"
790,Red-billed Blue-Magpie,Urocissa erythroryncha,India,21408,"Corvidae (Crows, Jays, and Magpies)"
793,Rufous Treepie,Dendrocitta vagabunda,India,21434,"Corvidae (Crows, Jays, and Magpies)"
794,Gray Treepie,Dendrocitta formosae,India,21444,"Corvidae (Crows, Jays, and Magpies)"
796,Eurasian Magpie,Pica pica,India,21467,"Corvidae (Crows, Jays, and Magpies)"
797,Southern Nutcracker,Nucifraga hemispila,India,21490,"Corvidae (Crows, Jays, and Magpies)"
799,House Crow,Corvus splendens,India,21521,"Corvidae (Crows, Jays, and Magpies)"
801,Carrion Crow,Corvus corone,India,21575,"Corvidae (Crows, Jays, and Magpies)"
802,Large-billed Crow,Corvus macrorhynchos,India,21586,"Corvidae (Crows, Jays, and Magpies)"
804,Fan-tailed Raven,Corvus rhipidurus,Kenya,21621,"Corvidae (Crows, Jays, and Magpies)"
805,Common Raven,Corvus corax,India,21624,"Corvidae (Crows, Jays, and Magpies)"
806,Yellow-bellied Fairy-Fantail,Chelidorhynx hypoxanthus,India,21909,"Stenostiridae (Fairy Flycatchers)"
807,Gray-headed Canary-Flycatcher,Culicicapa ceylonensis,India,21924,"Stenostiridae (Fairy Flycatchers)"
808,Coal Tit,Periparus ater,India,21950,"Paridae (Tits, Chickadees, and Titmice)"
809,Gray-crested Tit,Lophophanes dichrous,India,22003,"Paridae (Tits, Chickadees, and Titmice)"
811,Green-backed Tit,Parus monticolus,India,22170,"Paridae (Tits, Chickadees, and Titmice)"
812,Great Tit,Parus major,India,22175,"Paridae (Tits, Chickadees, and Titmice)"
813,Asian Tit,Parus cinereus,India,22193,"Paridae (Tits, Chickadees, and Titmice)"
814,White-naped Tit,Machlolophus nuchalis,India,22219,"Paridae (Tits, Chickadees, and Titmice)"
815,Himalayan Black-lored Tit,Machlolophus xanthogenys,India,22221,"Paridae (Tits, Chickadees, and Titmice)"
816,Indian Yellow Tit,Machlolophus aplonotus,India,22222,"Paridae (Tits, Chickadees, and Titmice)"
817,White-bellied Tit,Melaniparus albiventris,Kenya,22239,"Paridae (Tits, Chickadees, and Titmice)"
819,Greater Hoopoe-Lark,Alaemon alaudipes,India,22337,"Alaudidae (Larks)"
820,Rufous-tailed Lark,Ammomanes phoenicura,India,22379,"Alaudidae (Larks)"
821,Ashy-crowned Sparrow-Lark,Eremopterix griseus,India,22419,"Alaudidae (Larks)"
822,Fischer's Sparrow-Lark,Eremopterix leucopareia,Kenya,22428,"Alaudidae (Larks)"
823,Pink-breasted Lark,Calendulauda poecilosterna,Kenya,22449,"Alaudidae (Larks)"
824,Fawn-colored Lark,Calendulauda africanoides,Kenya,22450,"Alaudidae (Larks)"
825,Indian Bushlark,Plocealauda erythroptera,India,22478,"Alaudidae (Larks)"
827,Rufous-naped Lark,Corypha africana,Kenya,22558,"Alaudidae (Larks)"
828,Sentinel Lark,Corypha athi,Kenya,22573,"Alaudidae (Larks)"
829,Red-winged Lark,Corypha hypermetra,Kenya,22582,"Alaudidae (Larks)"
830,Eurasian Skylark,Alauda arvensis,India,22615,"Alaudidae (Larks)"
831,Oriental Skylark,Alauda gulgula,India,22632,"Alaudidae (Larks)"
834,Malabar Lark,Galerida malabarica,India,22707,"Alaudidae (Larks)"
835,Horned Lark,Eremophila alpestris,India,22710,"Alaudidae (Larks)"
837,Red-capped Lark,Calandrella cinerea,Kenya,22775,"Alaudidae (Larks)"
838,Mongolian Short-toed Lark,Calandrella dukhunensis,India,22789,"Alaudidae (Larks)"
839,Tibetan Lark,Melanocorypha maxima,India,22794,"Alaudidae (Larks)"
841,Northern Crombec,Sylvietta brachyura,Kenya,22861,"Macrosphenidae (African Warblers)"
842,Red-faced Crombec,Sylvietta whytii,Kenya,22874,"Macrosphenidae (African Warblers)"
843,Yellow-bellied Eremomela,Eremomela icteropygialis,Kenya,22934,"Cisticolidae (Cisticolas and Allies)"
845,Green-backed Camaroptera,Camaroptera brachyura,Kenya,23017,"Cisticolidae (Cisticolas and Allies)"
846,Bar-throated Apalis,Apalis thoracica,Kenya,23050,"Cisticolidae (Cisticolas and Allies)"
847,Yellow-breasted Apalis,Apalis flavida,Kenya,23086,"Cisticolidae (Cisticolas and Allies)"
848,Common Tailorbird,Orthotomus sutorius,India,23148,"Cisticolidae (Cisticolas and Allies)"
850,Himalayan Prinia,Prinia crinigera,India,23201,"Cisticolidae (Cisticolas and Allies)"
851,Brown Prinia,Prinia polychroa,Vietnam,23212,"Cisticolidae (Cisticolas and Allies)"
852,Hill Prinia,Prinia superciliaris,Vietnam,23218,"Cisticolidae (Cisticolas and Allies)"
854,Rufescent Prinia,Prinia rufescens,Vietnam,23226,"Cisticolidae (Cisticolas and Allies)"
855,Gray-breasted Prinia,Prinia hodgsonii,India,23233,"Cisticolidae (Cisticolas and Allies)"
856,Delicate Prinia,Prinia lepida,India,23251,"Cisticolidae (Cisticolas and Allies)"
857,Jungle Prinia,Prinia sylvatica,India,23257,"Cisticolidae (Cisticolas and Allies)"
858,Ashy Prinia,Prinia socialis,India,23272,"Cisticolidae (Cisticolas and Allies)"
859,Tawny-flanked Prinia,Prinia subflava,Kenya,23278,"Cisticolidae (Cisticolas and Allies)"
860,Plain Prinia,Prinia inornata,India,23289,"Cisticolidae (Cisticolas and Allies)"
861,Red-fronted Prinia,Prinia rufifrons,Kenya,23331,"Cisticolidae (Cisticolas and Allies)"
863,Rattling Cisticola,Cisticola chiniana,Kenya,23405,"Cisticolidae (Cisticolas and Allies)"
864,Ashy Cisticola,Cisticola cinereolus,Kenya,23423,"Cisticolidae (Cisticolas and Allies)"
865,Winding Cisticola,Cisticola marginatus,Kenya,23464,"Cisticolidae (Cisticolas and Allies)"
866,Stout Cisticola,Cisticola robustus,Kenya,23482,"Cisticolidae (Cisticolas and Allies)"
867,Tiny Cisticola,Cisticola nana,Kenya,23527,"Cisticolidae (Cisticolas and Allies)"
869,Papyrus Yellow-Warbler,Calamonastides gracilirostris,Kenya,23625,"Acrocephalidae (Reed Warblers and Allies)"
870,Booted Warbler,Iduna caligata,India,23631,"Acrocephalidae (Reed Warblers and Allies)"
871,Sykes's Warbler,Iduna rama,India,23632,"Acrocephalidae (Reed Warblers and Allies)"
872,Blyth's Reed Warbler,Acrocephalus dumetorum,India,23670,"Acrocephalidae (Reed Warblers and Allies)"
873,Lesser Swamp Warbler,Acrocephalus gracilirostris,Kenya,23690,"Acrocephalidae (Reed Warblers and Allies)"
874,Greater Swamp Warbler,Acrocephalus rufescens,Kenya,23699,"Acrocephalidae (Reed Warblers and Allies)"
875,Clamorous Reed Warbler,Acrocephalus stentoreus,India,23713,"Acrocephalidae (Reed Warblers and Allies)"
878,White-winged Swamp Warbler,Bradypterus carpalis,Kenya,23949,"Locustellidae (Grassbirds and Allies)"
880,Black Sawwing,Psalidoprocne pristoptera,Kenya,24008,"Hirundinidae (Swallows)"
881,Banded Martin,Neophedina cincta,Kenya,24030,"Hirundinidae (Swallows)"
882,Plain Martin,Riparia paludicola,Kenya,24037,"Hirundinidae (Swallows)"
883,Bank Swallow,Riparia riparia,Costa Rica,24051,"Hirundinidae (Swallows)"
884,Mangrove Swallow,Tachycineta albilinea,Costa Rica,24070,"Hirundinidae (Swallows)"
885,Northern Rough-winged Swallow,Stelgidopteryx serripennis,Costa Rica,24106,"Hirundinidae (Swallows)"
888,Brown-bellied Swallow,Orochelidon murina,Colombia,24135,"Hirundinidae (Swallows)"
889,Eurasian Crag-Martin,Ptyonoprogne rupestris,India,24142,"Hirundinidae (Swallows)"
890,Red-throated Crag-Martin,Ptyonoprogne rufigula,Kenya,24152,"Hirundinidae (Swallows)"
891,Dusky Crag-Martin,Ptyonoprogne concolor,India,24162,"Hirundinidae (Swallows)"
893,Wire-tailed Swallow,Hirundo smithii,India,24209,"Hirundinidae (Swallows)"
894,African Red-rumped Swallow,Cecropis melanocrissus,Kenya,24232,"Hirundinidae (Swallows)"
895,Eastern Red-rumped Swallow,Cecropis daurica,India,24239,"Hirundinidae (Swallows)"
896,Lesser Striped Swallow,Cecropis abyssinica,Kenya,24254,"Hirundinidae (Swallows)"
897,Yellow-bellied Greenbul,Chlorocichla flaviventris,Kenya,24339,"Pycnonotidae (Bulbuls)"
898,Ochraceous Bulbul,Alophoixus ochraceus,Vietnam,24473,"Pycnonotidae (Bulbuls)"
899,Puff-throated Bulbul,Alophoixus pallidus,Vietnam,24480,"Pycnonotidae (Bulbuls)"
901,Gray-eyed Bulbul,Iole propinqua,Vietnam,24504,"Pycnonotidae (Bulbuls)"
902,Ashy Bulbul,Hemixos flavala,India,24512,"Pycnonotidae (Bulbuls)"
903,Yellow-browed Bulbul,Acritillas indica,India,24525,"Pycnonotidae (Bulbuls)"
904,Black Bulbul,Hypsipetes leucocephalus,India,24591,"Pycnonotidae (Bulbuls)"
905,Square-tailed Bulbul,Hypsipetes ganeesa,India,24605,"Pycnonotidae (Bulbuls)"
908,Flame-throated Bulbul,Rubigula gularis,India,24648,"Pycnonotidae (Bulbuls)"
909,White-browed Bulbul,Pycnonotus luteolus,India,24685,"Pycnonotidae (Bulbuls)"
910,Streak-eared Bulbul,Pycnonotus conradi,Vietnam,24689,"Pycnonotidae (Bulbuls)"
911,Pale-eyed Bulbul,Pycnonotus davisoni,Vietnam,24690,"Pycnonotidae (Bulbuls)"
912,Stripe-throated Bulbul,Pycnonotus finlaysoni,Vietnam,24691,"Pycnonotidae (Bulbuls)"
913,Flavescent Bulbul,Pycnonotus flavescens,Vietnam,24696,"Pycnonotidae (Bulbuls)"
915,Red-whiskered Bulbul,Pycnonotus jocosus,India,24733,"Pycnonotidae (Bulbuls)"
916,Red-vented Bulbul,Pycnonotus cafer,India,24754,"Pycnonotidae (Bulbuls)"
917,Sooty-headed Bulbul,Pycnonotus aurigaster,Vietnam,24765,"Pycnonotidae (Bulbuls)"
918,White-eared Bulbul,Pycnonotus leucotis,India,24776,"Pycnonotidae (Bulbuls)"
919,Himalayan Bulbul,Pycnonotus leucogenys,India,24780,"Pycnonotidae (Bulbuls)"
920,Ashy-throated Warbler,Phylloscopus maculipennis,India,24797,"Phylloscopidae (Leaf Warblers)"
922,Yellow-browed Warbler,Phylloscopus inornatus,Vietnam,24804,"Phylloscopidae (Leaf Warblers)"
923,Lemon-rumped Warbler,Phylloscopus chloronotus,India,24813,"Phylloscopidae (Leaf Warblers)"
924,Tytler's Leaf Warbler,Phylloscopus tytleri,India,24819,"Phylloscopidae (Leaf Warblers)"
925,Sulphur-bellied Warbler,Phylloscopus griseolus,India,24824,"Phylloscopidae (Leaf Warblers)"
926,Tickell's Leaf Warbler,Phylloscopus affinis,India,24825,"Phylloscopidae (Leaf Warblers)"
930,Greenish Warbler,Phylloscopus trochiloides,India,24925,"Phylloscopidae (Leaf Warblers)"
931,Pale-legged Leaf Warbler,Phylloscopus tenellipes,Vietnam,24937,"Phylloscopidae (Leaf Warblers)"
932,Western Crowned Warbler,Phylloscopus occipitalis,India,24972,"Phylloscopidae (Leaf Warblers)"
933,Gray-hooded Warbler,Phylloscopus xanthoschistos,India,24983,"Phylloscopidae (Leaf Warblers)"
934,Gray-bellied Tesia,Tesia cyaniventer,India,25086,"Cettiidae (Bush Warblers and Allies)"
935,Gray-sided Bush Warbler,Cettia brunnifrons,India,25099,"Cettiidae (Bush Warblers and Allies)"
939,Black-throated Tit,Aegithalos concinnus,India,25235,"Aegithalidae (Long-tailed Tits)"
940,Lesser Whitethroat,Curruca curruca,India,25305,"Sylviidae (Sylviid Warblers and Allies)"
943,Yellow-eyed Babbler,Chrysomma sinense,India,25391,"Paradoxornithidae (Parrotbills)"
947,Pale White-eye,Zosterops flavilateralis,Kenya,25614,"Zosteropidae (White-eyes, Yuhinas, and Allies)"
948,Indian White-eye,Zosterops palpebrosus,India,25647,"Zosteropidae (White-eyes, Yuhinas, and Allies)"
950,Tawny-bellied Babbler,Dumetia hyperythra,India,25893,"Timaliidae (Tree-Babblers, Scimitar-Babblers, and Allies)"
951,Dark-fronted Babbler,Dumetia atriceps,India,25898,"Timaliidae (Tree-Babblers, Scimitar-Babblers, and Allies)"
954,Rufous-capped Babbler,Cyanoderma ruficeps,India,25976,"Timaliidae (Tree-Babblers, Scimitar-Babblers, and Allies)"
955,Red-billed Scimitar-Babbler,Pomatorhinus ochraceiceps,Vietnam,26013,"Timaliidae (Tree-Babblers, Scimitar-Babblers, and Allies)"
956,Streak-breasted Scimitar-Babbler,Pomatorhinus ruficollis,India,26025,"Timaliidae (Tree-Babblers, Scimitar-Babblers, and Allies)"
958,Indian Scimitar-Babbler,Pomatorhinus horsfieldii,India,26055,"Timaliidae (Tree-Babblers, Scimitar-Babblers, and Allies)"
959,Rusty-cheeked Scimitar-Babbler,Erythrogenys erythrogenys,India,26076,"Timaliidae (Tree-Babblers, Scimitar-Babblers, and Allies)"
961,Scaly-crowned Babbler,Malacopteron cinereum,Vietnam,26157,"Pellorneidae (Ground Babblers and Allies)"
963,Buff-breasted Babbler,Pellorneum tickelli,Vietnam,26254,"Pellorneidae (Ground Babblers and Allies)"
964,Abbott's Babbler,Malacocincla abbotti,Vietnam,26319,"Pellorneidae (Ground Babblers and Allies)"
965,Streaked Wren-Babbler,Gypsophila brevicaudata,Vietnam,26338,"Pellorneidae (Ground Babblers and Allies)"
966,Brown-cheeked Fulvetta,Alcippe poioicephala,India,26384,"Leiothrichidae (Laughingthrushes and Allies)"
968,Striated Laughingthrush,Grammatoptila striata,India,26420,"Leiothrichidae (Laughingthrushes and Allies)"
969,Vietnamese Cutia,Cutia legalleni,Vietnam,26430,"Leiothrichidae (Laughingthrushes and Allies)"
972,Variegated Laughingthrush,Trochalopteron variegatum,India,26451,"Leiothrichidae (Laughingthrushes and Allies)"
975,Rufous Sibia,Heterophasia capistrata,India,26506,"Leiothrichidae (Laughingthrushes and Allies)"
976,Black-headed Sibia,Heterophasia desgodinsi,Vietnam,26517,"Leiothrichidae (Laughingthrushes and Allies)"
977,Blue-winged Minla,Actinodura cyanouroptera,India,26538,"Leiothrichidae (Laughingthrushes and Allies)"
980,Rufous-backed Sibia,Leioptila annectens,Vietnam,26589,"Leiothrichidae (Laughingthrushes and Allies)"
981,Large Gray Babbler,Argya malcolmi,India,26605,"Leiothrichidae (Laughingthrushes and Allies)"
982,Rufous Babbler,Argya subrufa,India,26608,"Leiothrichidae (Laughingthrushes and Allies)"
983,Jungle Babbler,Argya striata,India,26612,"Leiothrichidae (Laughingthrushes and Allies)"
984,Rufous Chatterer,Argya rubiginosa,Kenya,26623,"Leiothrichidae (Laughingthrushes and Allies)"
985,Common Babbler,Argya caudata,India,26637,"Leiothrichidae (Laughingthrushes and Allies)"
987,Northern Pied-Babbler,Turdoides hypoleuca,Kenya,26705,"Leiothrichidae (Laughingthrushes and Allies)"
988,White-crested Laughingthrush,Garrulax leucolophus,India,26737,"Leiothrichidae (Laughingthrushes and Allies)"
991,White-cheeked Laughingthrush,Pterorhinus vassali,Vietnam,26778,"Leiothrichidae (Laughingthrushes and Allies)"
994,White-throated Laughingthrush,Pterorhinus albogularis,India,26828,"Leiothrichidae (Laughingthrushes and Allies)"
995,Gray-sided Laughingthrush,Pterorhinus caerulatus,India,26833,"Leiothrichidae (Laughingthrushes and Allies)"
999,Velvet-fronted Nuthatch,Sitta frontalis,Vietnam,26906,"Sittidae (Nuthatches)"
1003,White-lored Gnatcatcher,Polioptila albiloris,Costa Rica,27145,"Polioptilidae (Gnatcatchers)"
1005,Ochraceous Wren,Troglodytes ochraceus,Costa Rica,27241,"Troglodytidae (Wrens)"
1006,Mountain Wren,Troglodytes solstitialis,Colombia,27245,"Troglodytidae (Wrens)"
1008,Grass Wren,Cistothorus platensis,Colombia,27304,"Troglodytidae (Wrens)"
1010,Black-bellied Wren,Pheugopedius fasciatoventris,Costa Rica,27444,"Troglodytidae (Wrens)"
1011,Rufous-breasted Wren,Pheugopedius rutilus,Costa Rica,27483,"Troglodytidae (Wrens)"
1012,Black-throated Wren,Pheugopedius atrogularis,Costa Rica,27509,"Troglodytidae (Wrens)"
1013,Stripe-breasted Wren,Cantorchilus thoracicus,Costa Rica,27531,"Troglodytidae (Wrens)"
1014,Cabanis's Wren,Cantorchilus modestus,Costa Rica,27535,"Troglodytidae (Wrens)"
1015,Bay Wren,Cantorchilus nigricapillus,Costa Rica,27541,"Troglodytidae (Wrens)"
1016,Gray-breasted Wood-Wren,Henicorhina leucophrys,Costa Rica,27612,"Troglodytidae (Wrens)"
1017,White-throated Dipper,Cinclus cinclus,India,27650,"Cinclidae (Dippers)"
1018,Brown Dipper,Cinclus pallasii,India,27664,"Cinclidae (Dippers)"
1019,White-capped Dipper,Cinclus leucocephalus,Colombia,27674,"Cinclidae (Dippers)"
1021,Yellow-billed Oxpecker,Buphagus africanus,Kenya,27681,"Buphagidae (Oxpeckers)"
1024,Southern Hill Myna,Gracula indica,India,27812,"Sturnidae (Starlings)"
1025,Wattled Starling,Creatophora cinerea,Kenya,27828,"Sturnidae (Starlings)"
1026,Rosy Starling,Pastor roseus,India,27829,"Sturnidae (Starlings)"
1027,Black-collared Starling,Gracupica nigricollis,Vietnam,27833,"Sturnidae (Starlings)"
1028,Indian Pied Starling,Gracupica contra,India,27834,"Sturnidae (Starlings)"
1029,Brahminy Starling,Sturnia pagodarum,India,27846,"Sturnidae (Starlings)"
1031,Malabar Starling,Sturnia blythii,India,27851,"Sturnidae (Starlings)"
1032,Common Myna,Acridotheres tristis,India,27859,"Sturnidae (Starlings)"
1034,Jungle Myna,Acridotheres fuscus,India,27870,"Sturnidae (Starlings)"
1035,Violet-backed Starling,Cinnyricinclus leucogaster,Kenya,27900,"Sturnidae (Starlings)"
1036,Slender-billed Starling,Onychognathus tenuirostris,Kenya,27904,"Sturnidae (Starlings)"
1037,Red-winged Starling,Onychognathus morio,Kenya,27911,"Sturnidae (Starlings)"
1038,Bristle-crowned Starling,Onychognathus salvadorii,Kenya,27925,"Sturnidae (Starlings)"
1039,Spot-winged Starling,Saroglossa spilopterus,India,27928,"Sturnidae (Starlings)"
1040,Magpie Starling,Speculipastor bicolor,Kenya,27933,"Sturnidae (Starlings)"
1041,Hildebrandt's Starling,Lamprotornis hildebrandti,Kenya,27946,"Sturnidae (Starlings)"
1042,Rüppell's Starling,Lamprotornis purpuroptera,Kenya,27949,"Sturnidae (Starlings)"
1044,Fischer's Starling,Lamprotornis fischeri,Kenya,27971,"Sturnidae (Starlings)"
1045,Greater Blue-eared Starling,Lamprotornis chalybaeus,Kenya,27978,"Sturnidae (Starlings)"
1047,Black-faced Solitaire,Myadestes melanops,Costa Rica,28181,"Turdidae (Thrushes and Allies)"
1048,Andean Solitaire,Myadestes ralloides,Colombia,28186,"Turdidae (Thrushes and Allies)"
1049,Dark-sided Thrush,Zoothera marginata,Vietnam,28207,"Turdidae (Thrushes and Allies)"
1050,Slaty-backed Nightingale-Thrush,Catharus fuscater,Costa Rica,28274,"Turdidae (Thrushes and Allies)"
1051,Ruddy-capped Nightingale-Thrush,Catharus frantzii,Costa Rica,28294,"Turdidae (Thrushes and Allies)"
1052,Swainson's Thrush,Catharus ustulatus,Colombia,28324,"Turdidae (Thrushes and Allies)"
1053,Wood Thrush,Hylocichla mustelina,Costa Rica,28347,"Turdidae (Thrushes and Allies)"
1054,Siberian Thrush,Geokichla sibirica,Vietnam,28356,"Turdidae (Thrushes and Allies)"
1056,Mistle Thrush,Turdus viscivorus,India,28429,"Turdidae (Thrushes and Allies)"
1057,Abyssinian Thrush,Turdus abyssinicus,Kenya,28460,"Turdidae (Thrushes and Allies)"
1058,Gray-winged Blackbird,Turdus boulboul,India,28473,"Turdidae (Thrushes and Allies)"
1059,Indian Blackbird,Turdus simillimus,India,28474,"Turdidae (Thrushes and Allies)"
1060,African Thrush,Turdus pelios,Kenya,28480,"Turdidae (Thrushes and Allies)"
1061,Tickell's Thrush,Turdus unicolor,India,28508,"Turdidae (Thrushes and Allies)"
1066,Mountain Thrush,Turdus plebejus,Costa Rica,28646,"Turdidae (Thrushes and Allies)"
1067,Great Thrush,Turdus fuscater,Colombia,28677,"Turdidae (Thrushes and Allies)"
1068,Black-billed Thrush,Turdus ignobilis,Colombia,28702,"Turdidae (Thrushes and Allies)"
1069,Pale-breasted Thrush,Turdus leucomelas,Colombia,28745,"Turdidae (Thrushes and Allies)"
1072,Asian Brown Flycatcher,Muscicapa dauurica,Vietnam,28790,"Muscicapidae (Old World Flycatchers)"
1073,Brown-breasted Flycatcher,Muscicapa muttui,India,28797,"Muscicapidae (Old World Flycatchers)"
1074,Swamp Flycatcher,Muscicapa aquatica,Kenya,28832,"Muscicapidae (Old World Flycatchers)"
1075,African Gray Flycatcher,Bradornis microrhynchus,Kenya,28852,"Muscicapidae (Old World Flycatchers)"
1076,Gray Tit-Flycatcher,Fraseria plumbea,Kenya,28896,"Muscicapidae (Old World Flycatchers)"
1077,Ashy Flycatcher,Fraseria caerulescens,Kenya,28907,"Muscicapidae (Old World Flycatchers)"
1080,Southern Black-Flycatcher,Melaenornis pammelaina,Kenya,28923,"Muscicapidae (Old World Flycatchers)"
1081,White-eyed Slaty-Flycatcher,Melaenornis fischeri,Kenya,28929,"Muscicapidae (Old World Flycatchers)"
1083,Indian Robin,Copsychus fulicatus,India,28991,"Muscicapidae (Old World Flycatchers)"
1084,Oriental Magpie-Robin,Copsychus saularis,India,28997,"Muscicapidae (Old World Flycatchers)"
1087,Small Niltava,Niltava macgrigoriae,India,29055,"Muscicapidae (Old World Flycatchers)"
1088,Rufous-bellied Niltava,Niltava sundara,India,29060,"Muscicapidae (Old World Flycatchers)"
1090,Hainan Blue Flycatcher,Cyornis hainanus,Vietnam,29113,"Muscicapidae (Old World Flycatchers)"
1091,White-bellied Blue Flycatcher,Cyornis pallidipes,India,29117,"Muscicapidae (Old World Flycatchers)"
1095,Chinese Blue Flycatcher,Cyornis glaucicomans,Vietnam,29130,"Muscicapidae (Old World Flycatchers)"
1097,Tickell's Blue Flycatcher,Cyornis tickelliae,India,29152,"Muscicapidae (Old World Flycatchers)"
1098,Indochinese Blue Flycatcher,Cyornis sumatrensis,Vietnam,29157,"Muscicapidae (Old World Flycatchers)"
1099,Mangrove Blue Flycatcher,Cyornis rufigastra,Vietnam,29161,"Muscicapidae (Old World Flycatchers)"
1102,Spotted Morning-Thrush,Cichladusa guttata,Kenya,29249,"Muscicapidae (Old World Flycatchers)"
1103,Lesser Shortwing,Brachypteryx leucophris,Vietnam,29350,"Muscicapidae (Old World Flycatchers)"
1104,Indian Blue Robin,Larvivora brunnea,India,29385,"Muscicapidae (Old World Flycatchers)"
1107,Malabar Whistling-Thrush,Myophonus horsfieldii,India,29424,"Muscicapidae (Old World Flycatchers)"
1108,Blue Whistling-Thrush,Myophonus caeruleus,India,29426,"Muscicapidae (Old World Flycatchers)"
1109,Little Forktail,Enicurus scouleri,India,29435,"Muscicapidae (Old World Flycatchers)"
1110,Spotted Forktail,Enicurus maculatus,India,29448,"Muscicapidae (Old World Flycatchers)"
1111,Slaty-backed Forktail,Enicurus schistaceus,India,29458,"Muscicapidae (Old World Flycatchers)"
1112,Himalayan Rubythroat,Calliope pectoralis,India,29464,"Muscicapidae (Old World Flycatchers)"
1114,White-tailed Robin,Myiomela leucura,Vietnam,29470,"Muscicapidae (Old World Flycatchers)"
1115,Himalayan Bluetail,Tarsiger rufilatus,India,29483,"Muscicapidae (Old World Flycatchers)"
1116,Golden Bush-Robin,Tarsiger chrysaeus,India,29492,"Muscicapidae (Old World Flycatchers)"
1117,Mugimaki Flycatcher,Ficedula mugimaki,Vietnam,29507,"Muscicapidae (Old World Flycatchers)"
1120,Rufous-gorgeted Flycatcher,Ficedula strophiata,India,29533,"Muscicapidae (Old World Flycatchers)"
1121,Little Pied Flycatcher,Ficedula westermanni,Vietnam,29540,"Muscicapidae (Old World Flycatchers)"
1122,Ultramarine Flycatcher,Ficedula superciliaris,India,29549,"Muscicapidae (Old World Flycatchers)"
1123,Rusty-tailed Flycatcher,Ficedula ruficauda,India,29552,"Muscicapidae (Old World Flycatchers)"
1124,Taiga Flycatcher,Ficedula albicilla,India,29553,"Muscicapidae (Old World Flycatchers)"
1125,Red-breasted Flycatcher,Ficedula parva,India,29555,"Muscicapidae (Old World Flycatchers)"
1127,Plumbeous Redstart,Phoenicurus fuliginosus,India,29600,"Muscicapidae (Old World Flycatchers)"
1128,White-capped Redstart,Phoenicurus leucocephalus,India,29605,"Muscicapidae (Old World Flycatchers)"
1130,White-winged Redstart,Phoenicurus erythrogastrus,India,29614,"Muscicapidae (Old World Flycatchers)"
1133,White-throated Rock-Thrush,Monticola gularis,Vietnam,29638,"Muscicapidae (Old World Flycatchers)"
1134,Blue-capped Rock-Thrush,Monticola cinclorhyncha,India,29639,"Muscicapidae (Old World Flycatchers)"
1135,Blue Rock-Thrush,Monticola solitarius,India,29652,"Muscicapidae (Old World Flycatchers)"
1136,White-browed Bushchat,Saxicola macrorhynchus,India,29668,"Muscicapidae (Old World Flycatchers)"
1137,Siberian Stonechat,Saxicola maurus,India,29677,"Muscicapidae (Old World Flycatchers)"
1138,African Stonechat,Saxicola torquatus,Kenya,29690,"Muscicapidae (Old World Flycatchers)"
1139,Pied Bushchat,Saxicola caprata,India,29711,"Muscicapidae (Old World Flycatchers)"
1140,Gray Bushchat,Saxicola ferreus,India,29729,"Muscicapidae (Old World Flycatchers)"
1141,Mocking Cliff-Chat,Thamnolaea cinnamomeiventris,Kenya,29757,"Muscicapidae (Old World Flycatchers)"
1142,Sooty Chat,Myrmecocichla nigra,Kenya,29766,"Muscicapidae (Old World Flycatchers)"
1143,Northern Anteater-Chat,Myrmecocichla aethiops,Kenya,29767,"Muscicapidae (Old World Flycatchers)"
1145,Isabelline Wheatear,Oenanthe isabellina,India,29796,"Muscicapidae (Old World Flycatchers)"
1146,Desert Wheatear,Oenanthe deserti,India,29799,"Muscicapidae (Old World Flycatchers)"
1147,Brown Rock Chat,Oenanthe fusca,India,29849,"Muscicapidae (Old World Flycatchers)"
1148,Variable Wheatear,Oenanthe picata,India,29850,"Muscicapidae (Old World Flycatchers)"
1149,Persian Wheatear,Oenanthe chrysopygia,India,29880,"Muscicapidae (Old World Flycatchers)"
1150,Long-tailed Silky-flycatcher,Ptiliogonys caudatus,Costa Rica,29908,"Ptiliogonatidae (Silky-flycatchers)"
1151,Thick-billed Flowerpecker,Pachyglossa agilis,India,29955,"Dicaeidae (Flowerpeckers)"
1152,Yellow-vented Flowerpecker,Pachyglossa chrysorrhea,India,29974,"Dicaeidae (Flowerpeckers)"
1153,Pale-billed Flowerpecker,Dicaeum erythrorhynchos,India,30033,"Dicaeidae (Flowerpeckers)"
1159,Eastern Violet-backed Sunbird,Anthreptes orientalis,Kenya,30186,"Nectariniidae (Sunbirds and Spiderhunters)"
1160,Olive Sunbird,Cyanomitra olivacea,Kenya,30237,"Nectariniidae (Sunbirds and Spiderhunters)"
1161,Amethyst Sunbird,Chalcomitra amethystina,Kenya,30263,"Nectariniidae (Sunbirds and Spiderhunters)"
1162,Scarlet-chested Sunbird,Chalcomitra senegalensis,Kenya,30267,"Nectariniidae (Sunbirds and Spiderhunters)"
1163,Hunter's Sunbird,Chalcomitra hunteri,Kenya,30273,"Nectariniidae (Sunbirds and Spiderhunters)"
1166,Van Hasselt's Sunbird,Leptocoma brasiliana,India,30282,"Nectariniidae (Sunbirds and Spiderhunters)"
1167,Bronze Sunbird,Nectarinia kilimensis,Kenya,30330,"Nectariniidae (Sunbirds and Spiderhunters)"
1168,Golden-winged Sunbird,Drepanorhynchus reichenowi,Kenya,30342,"Nectariniidae (Sunbirds and Spiderhunters)"
1171,Red-chested Sunbird,Cinnyris erythrocercus,Kenya,30401,"Nectariniidae (Sunbirds and Spiderhunters)"
1172,Tsavo Sunbird,Cinnyris tsavoensis,Kenya,30408,"Nectariniidae (Sunbirds and Spiderhunters)"
1174,Purple Sunbird,Cinnyris asiaticus,India,30450,"Nectariniidae (Sunbirds and Spiderhunters)"
1175,Fire-tailed Sunbird,Aethopyga ignicauda,India,30507,"Nectariniidae (Sunbirds and Spiderhunters)"
1176,Mrs. Gould's Sunbird,Aethopyga gouldiae,Vietnam,30522,"Nectariniidae (Sunbirds and Spiderhunters)"
1177,Green-tailed Sunbird,Aethopyga nipalensis,India,30528,"Nectariniidae (Sunbirds and Spiderhunters)"
1178,Vigors's Sunbird,Aethopyga vigorsii,India,30542,"Nectariniidae (Sunbirds and Spiderhunters)"
1179,Crimson Sunbird,Aethopyga siparaja,India,30543,"Nectariniidae (Sunbirds and Spiderhunters)"
1180,Little Spiderhunter,Arachnothera longirostra,India,30610,"Nectariniidae (Sunbirds and Spiderhunters)"
1181,Asian Fairy-bluebird,Irena puella,India,30644,"Irenidae (Fairy-bluebirds)"
1182,Blue-winged Leafbird,Chloropsis moluccensis,Vietnam,30667,"Chloropseidae (Leafbirds)"
1183,Jerdon's Leafbird,Chloropsis jerdoni,India,30676,"Chloropseidae (Leafbirds)"
1184,Golden-fronted Leafbird,Chloropsis aurifrons,India,30677,"Chloropseidae (Leafbirds)"
1186,White-headed Buffalo-Weaver,Dinemellia dinemelli,Kenya,30709,"Ploceidae (Weavers and Allies)"
1187,Speckle-fronted Weaver,Sporopipes frontalis,Kenya,30712,"Ploceidae (Weavers and Allies)"
1189,Gray-capped Social-Weaver,Pseudonigrita arnaudi,Kenya,30725,"Ploceidae (Weavers and Allies)"
1190,Black-capped Social-Weaver,Pseudonigrita cabanisi,Kenya,30728,"Ploceidae (Weavers and Allies)"
1191,Red-headed Weaver,Anaplectes rubriceps,Kenya,30754,"Ploceidae (Weavers and Allies)"
1193,Little Weaver,Ploceus luteolus,Kenya,30775,"Ploceidae (Weavers and Allies)"
1194,Slender-billed Weaver,Ploceus pelzelni,Kenya,30776,"Ploceidae (Weavers and Allies)"
1195,Black-necked Weaver,Ploceus nigricollis,Kenya,30781,"Ploceidae (Weavers and Allies)"
1196,Spectacled Weaver,Ploceus ocularis,Kenya,30786,"Ploceidae (Weavers and Allies)"
1197,African Golden-Weaver,Ploceus subaureus,Kenya,30798,"Ploceidae (Weavers and Allies)"
1198,Holub's Golden-Weaver,Ploceus xanthops,Kenya,30801,"Ploceidae (Weavers and Allies)"
1199,Taveta Golden-Weaver,Ploceus castaneiceps,Kenya,30806,"Ploceidae (Weavers and Allies)"
1200,Northern Brown-throated Weaver,Ploceus castanops,Kenya,30812,"Ploceidae (Weavers and Allies)"
1201,Northern Masked-Weaver,Ploceus taeniopterus,Kenya,30816,"Ploceidae (Weavers and Allies)"
1202,Lesser Masked-Weaver,Ploceus intermedius,Kenya,30817,"Ploceidae (Weavers and Allies)"
1203,Vitelline Masked-Weaver,Ploceus vitellinus,Kenya,30828,"Ploceidae (Weavers and Allies)"
1204,Speke's Weaver,Ploceus spekei,Kenya,30838,"Ploceidae (Weavers and Allies)"
1206,Black-headed Weaver,Ploceus melanocephalus,Kenya,30858,"Ploceidae (Weavers and Allies)"
1208,Chestnut Weaver,Ploceus rubiginosus,Kenya,30864,"Ploceidae (Weavers and Allies)"
1209,Streaked Weaver,Ploceus manyar,India,30899,"Ploceidae (Weavers and Allies)"
1211,Black-breasted Weaver,Ploceus benghalensis,India,30917,"Ploceidae (Weavers and Allies)"
1212,Red-billed Quelea,Quelea quelea,Kenya,30923,"Ploceidae (Weavers and Allies)"
1213,Southern Red Bishop,Euplectes orix,Kenya,30944,"Ploceidae (Weavers and Allies)"
1214,Yellow Bishop,Euplectes capensis,Kenya,30957,"Ploceidae (Weavers and Allies)"
1215,Bronze Mannikin,Spermestes cucullata,Kenya,31050,"Estrildidae (Waxbills and Allies)"
1216,Black-and-white Mannikin,Spermestes bicolor,Kenya,31054,"Estrildidae (Waxbills and Allies)"
1217,African Silverbill,Euodice cantans,Kenya,31062,"Estrildidae (Waxbills and Allies)"
1218,Indian Silverbill,Euodice malabarica,India,31065,"Estrildidae (Waxbills and Allies)"
1219,Scaly-breasted Munia,Lonchura punctulata,India,31076,"Estrildidae (Waxbills and Allies)"
1220,Black-throated Munia,Lonchura kelaarti,India,31090,"Estrildidae (Waxbills and Allies)"
1222,Tricolored Munia,Lonchura malacca,India,31114,"Estrildidae (Waxbills and Allies)"
1223,Black-faced Waxbill,Brunhilda erythronotos,Kenya,31268,"Estrildidae (Waxbills and Allies)"
1224,Common Waxbill,Estrilda astrild,Kenya,31298,"Estrildidae (Waxbills and Allies)"
1225,Crimson-rumped Waxbill,Estrilda rhodopyga,Kenya,31316,"Estrildidae (Waxbills and Allies)"
1226,Cut-throat,Amadina fasciata,Kenya,31339,"Estrildidae (Waxbills and Allies)"
1228,Purple Grenadier,Granatina ianthinogaster,Kenya,31357,"Estrildidae (Waxbills and Allies)"
1230,Blue-capped Cordonbleu,Uraeginthus cyanocephalus,Kenya,31367,"Estrildidae (Waxbills and Allies)"
1232,Red-billed Firefinch,Lagonosticta senegala,Kenya,31409,"Estrildidae (Waxbills and Allies)"
1233,Eastern Paradise-Whydah,Vidua paradisaea,Kenya,31450,"Viduidae (Whydahs and Indigobirds)"
1234,Village Indigobird,Vidua chalybeata,Kenya,31454,"Viduidae (Whydahs and Indigobirds)"
1235,Purple Indigobird,Vidua purpurascens,Kenya,31470,"Viduidae (Whydahs and Indigobirds)"
1237,Robin Accentor,Prunella rubeculoides,India,31491,"Prunellidae (Accentors)"
1241,House Sparrow,Passer domesticus,India,31534,"Passeridae (Old World Sparrows)"
1242,Russet Sparrow,Passer cinnamomeus,India,31564,"Passeridae (Old World Sparrows)"
1243,Kenya Rufous Sparrow,Passer rufocinctus,Kenya,31579,"Passeridae (Old World Sparrows)"
1244,Northern Gray-headed Sparrow,Passer griseus,Kenya,31586,"Passeridae (Old World Sparrows)"
1246,Swahili Sparrow,Passer suahelicus,Kenya,31592,"Passeridae (Old World Sparrows)"
1247,Chestnut Sparrow,Passer eminibey,Kenya,31618,"Passeridae (Old World Sparrows)"
1248,Yellow-spotted Bush Sparrow,Gymnoris pyrgita,Kenya,31620,"Passeridae (Old World Sparrows)"
1249,Yellow-throated Sparrow,Gymnoris xanthocollis,India,31623,"Passeridae (Old World Sparrows)"
1250,Black-winged Snowfinch,Montifringilla adamsi,India,31650,"Passeridae (Old World Sparrows)"
1251,Blanford's Snowfinch,Pyrgilauda blanfordi,India,31660,"Passeridae (Old World Sparrows)"
1252,Forest Wagtail,Dendronanthus indicus,India,31667,"Motacillidae (Wagtails and Pipits)"
1253,Gray Wagtail,Motacilla cinerea,India,31678,"Motacillidae (Wagtails and Pipits)"
1254,Western Yellow Wagtail,Motacilla flava,India,31682,"Motacillidae (Wagtails and Pipits)"
1255,Citrine Wagtail,Motacilla citreola,India,31707,"Motacillidae (Wagtails and Pipits)"
1256,White-browed Wagtail,Motacilla maderaspatensis,India,31714,"Motacillidae (Wagtails and Pipits)"
1258,White Wagtail,Motacilla alba,India,31720,"Motacillidae (Wagtails and Pipits)"
1259,Richard's Pipit,Anthus richardi,India,31752,"Motacillidae (Wagtails and Pipits)"
1260,Paddyfield Pipit,Anthus rufulus,India,31758,"Motacillidae (Wagtails and Pipits)"
1261,African Pipit,Anthus cinnamomeus,Kenya,31766,"Motacillidae (Wagtails and Pipits)"
1262,Long-billed Pipit,Anthus similis,India,31788,"Motacillidae (Wagtails and Pipits)"
1263,Blyth's Pipit,Anthus godlewskii,India,31813,"Motacillidae (Wagtails and Pipits)"
1264,Tawny Pipit,Anthus campestris,India,31815,"Motacillidae (Wagtails and Pipits)"
1265,Plain-backed Pipit,Anthus leucophrys,Kenya,31816,"Motacillidae (Wagtails and Pipits)"
1266,Upland Pipit,Anthus sylvanus,India,31837,"Motacillidae (Wagtails and Pipits)"
1268,Tree Pipit,Anthus trivialis,India,31857,"Motacillidae (Wagtails and Pipits)"
1273,Thick-billed Euphonia,Euphonia laniirostris,Colombia,32033,"Fringillidae (Finches, Euphonias, and Allies)"
1276,Orange-bellied Euphonia,Euphonia xanthogaster,Colombia,32052,"Fringillidae (Finches, Euphonias, and Allies)"
1279,Scarlet Finch,Carpodacus sipahi,India,32153,"Fringillidae (Finches, Euphonias, and Allies)"
1281,Spot-winged Rosefinch,Carpodacus rodopeplus,India,32171,"Fringillidae (Finches, Euphonias, and Allies)"
1283,Red-headed Bullfinch,Pyrrhula erythrocephala,India,32243,"Fringillidae (Finches, Euphonias, and Allies)"
1284,Dark-breasted Rosefinch,Procarduelis nipalensis,India,32275,"Fringillidae (Finches, Euphonias, and Allies)"
1287,Yellow-breasted Greenfinch,Chloris spinoides,India,32351,"Fringillidae (Finches, Euphonias, and Allies)"
1288,Vietnamese Greenfinch,Chloris monguilloti,Vietnam,32354,"Fringillidae (Finches, Euphonias, and Allies)"
1289,Yellow-fronted Canary,Crithagra mozambica,Kenya,32368,"Fringillidae (Finches, Euphonias, and Allies)"
1290,Reichenow's Seedeater,Crithagra reichenowi,Kenya,32403,"Fringillidae (Finches, Euphonias, and Allies)"
1292,Brimstone Canary,Crithagra sulphurata,Kenya,32414,"Fringillidae (Finches, Euphonias, and Allies)"
1293,Streaky Seedeater,Crithagra striolata,Kenya,32428,"Fringillidae (Finches, Euphonias, and Allies)"
1294,Twite,Linaria flavirostris,India,32463,"Fringillidae (Finches, Euphonias, and Allies)"
1295,Red Crossbill,Loxia curvirostra,Vietnam,32498,"Fringillidae (Finches, Euphonias, and Allies)"
1296,Gray-crowned Goldfinch,Carduelis caniceps,India,32563,"Fringillidae (Finches, Euphonias, and Allies)"
1299,Black-headed Bunting,Emberiza melanocephala,India,32698,"Emberizidae (Old World Buntings)"
1300,Red-headed Bunting,Emberiza bruniceps,India,32699,"Emberizidae (Old World Buntings)"
1303,Gray-necked Bunting,Emberiza buchanani,India,32742,"Emberizidae (Old World Buntings)"
1304,Golden-breasted Bunting,Emberiza flaviventris,Kenya,32756,"Emberizidae (Old World Buntings)"
1305,Somali Bunting,Emberiza poliopleura,Kenya,32761,"Emberizidae (Old World Buntings)"
1306,Cinnamon-breasted Bunting,Emberiza tahapisi,Kenya,32780,"Emberizidae (Old World Buntings)"
1309,Common Chlorospingus,Chlorospingus flavopectus,Costa Rica,32867,"Passerellidae (New World Sparrows)"
1311,Black-striped Sparrow,Arremonops conirostris,Costa Rica,32982,"Passerellidae (New World Sparrows)"
1312,Gray-browed Brushfinch,Arremon assimilis,Colombia,33041,"Passerellidae (New World Sparrows)"
1314,Chestnut-capped Brushfinch,Arremon brunneinucha,Costa Rica,33081,"Passerellidae (New World Sparrows)"
1316,Rufous-collared Sparrow,Zonotrichia capensis,Costa Rica,33158,"Passerellidae (New World Sparrows)"
1318,White-naped Brushfinch,Atlapetes albinucha,Colombia,33436,"Passerellidae (New World Sparrows)"
1319,Moustached Brushfinch,Atlapetes albofrenatus,Colombia,33448,"Passerellidae (New World Sparrows)"
1320,Choco Brushfinch,Atlapetes crassus,Colombia,33472,"Passerellidae (New World Sparrows)"
1321,Northern Slaty Brushfinch,Atlapetes schistaceus,Colombia,33474,"Passerellidae (New World Sparrows)"
1322,Pale-naped Brushfinch,Atlapetes pallidinucha,Colombia,33480,"Passerellidae (New World Sparrows)"
1324,Russet-backed Oropendola,Psarocolius angustifrons,Colombia,33613,"Icteridae (Troupials and Allies)"
1325,Crested Oropendola,Psarocolius decumanus,Colombia,33624,"Icteridae (Troupials and Allies)"
1326,Chestnut-headed Oropendola,Psarocolius wagleri,Colombia,33629,"Icteridae (Troupials and Allies)"
1328,Scarlet-rumped Cacique,Cacicus uropygialis,Colombia,33645,"Icteridae (Troupials and Allies)"
1329,Black-cowled Oriole,Icterus prosthemelas,Costa Rica,33676,"Icteridae (Troupials and Allies)"
1330,Yellow Oriole,Icterus nigrogularis,Colombia,33745,"Icteridae (Troupials and Allies)"
1332,Baltimore Oriole,Icterus galbula,Costa Rica,33770,"Icteridae (Troupials and Allies)"
1334,Shiny Cowbird,Molothrus bonariensis,Colombia,33817,"Icteridae (Troupials and Allies)"
1335,Bronzed Cowbird,Molothrus aeneus,Costa Rica,33826,"Icteridae (Troupials and Allies)"
1336,Giant Cowbird,Molothrus oryzivorus,Colombia,33840,"Icteridae (Troupials and Allies)"
1337,Melodious Blackbird,Dives dives,Costa Rica,33843,"Icteridae (Troupials and Allies)"
1339,Red-bellied Grackle,Hypopyrrhus pyrohypogaster,Colombia,33900,"Icteridae (Troupials and Allies)"
1340,Northern Waterthrush,Parkesia noveboracensis,Costa Rica,33953,"Parulidae (New World Warblers)"
1341,Black-and-white Warbler,Mniotilta varia,Colombia,33962,"Parulidae (New World Warblers)"
1342,Flame-throated Warbler,Oreothlypis gutturalis,Costa Rica,33971,"Parulidae (New World Warblers)"
1344,American Redstart,Setophaga ruticilla,Costa Rica,34058,"Parulidae (New World Warblers)"
1345,Tropical Parula,Setophaga pitiayumi,Costa Rica,34066,"Parulidae (New World Warblers)"
1346,Blackburnian Warbler,Setophaga fusca,Costa Rica,34084,"Parulidae (New World Warblers)"
1347,Northern Yellow Warbler,Setophaga aestiva,Costa Rica,34087,"Parulidae (New World Warblers)"
1349,Black-throated Green Warbler,Setophaga virens,Costa Rica,34218,"Parulidae (New World Warblers)"
1350,Chestnut-capped Warbler,Basileuterus delattrii,Costa Rica,34233,"Parulidae (New World Warblers)"
1351,Black-cheeked Warbler,Basileuterus melanogenys,Costa Rica,34238,"Parulidae (New World Warblers)"
1352,Buff-rumped Warbler,Myiothlypis fulvicauda,Costa Rica,34308,"Parulidae (New World Warblers)"
1353,Russet-crowned Warbler,Myiothlypis coronata,Colombia,34334,"Parulidae (New World Warblers)"
1354,Canada Warbler,Cardellina canadensis,Colombia,34344,"Parulidae (New World Warblers)"
1355,Wilson's Warbler,Cardellina pusilla,Costa Rica,34346,"Parulidae (New World Warblers)"
1358,Golden-fronted Redstart,Myioborus ornatus,Colombia,34384,"Parulidae (New World Warblers)"
1364,Blue-black Grosbeak,Cyanoloxia cyanoides,Costa Rica,34580,"Cardinalidae (Cardinals and Allies)"
1365,Blue Grosbeak,Passerina caerulea,Costa Rica,34598,"Cardinalidae (Cardinals and Allies)"
1367,Gray-headed Tanager,Eucometis penicillata,Costa Rica,34740,"Thraupidae (Tanagers and Allies)"
1368,Tawny-crested Tanager,Tachyphonus delatrii,Costa Rica,34775,"Thraupidae (Tanagers and Allies)"
1369,White-lined Tanager,Tachyphonus rufus,Colombia,34777,"Thraupidae (Tanagers and Allies)"
1371,Flame-rumped Tanager,Ramphocelus flammigerus,Colombia,34796,"Thraupidae (Tanagers and Allies)"
1374,Blue-and-gold Tanager,Bangsia arcaei,Costa Rica,34830,"Thraupidae (Tanagers and Allies)"
1376,Blue-capped Tanager,Sporathraupis cyanocephala,Colombia,34845,"Thraupidae (Tanagers and Allies)"
1377,Lacrimose Mountain Tanager,Anisognathus lacrymosus,Colombia,34872,"Thraupidae (Tanagers and Allies)"
1379,Blue-winged Mountain Tanager,Anisognathus somptuosus,Colombia,34889,"Thraupidae (Tanagers and Allies)"
1380,Fawn-breasted Tanager,Pipraeidea melanonota,Colombia,34917,"Thraupidae (Tanagers and Allies)"
1381,Glistening-green Tanager,Chlorochrysa phoenicotis,Colombia,34926,"Thraupidae (Tanagers and Allies)"
1385,Rufous-throated Tanager,Ixothraupis rufigula,Colombia,34965,"Thraupidae (Tanagers and Allies)"
1387,Golden-naped Tanager,Chalcothraupis ruficervix,Colombia,34983,"Thraupidae (Tanagers and Allies)"
1388,Black-capped Tanager,Stilpnia heinei,Colombia,34999,"Thraupidae (Tanagers and Allies)"
1389,Scrub Tanager,Stilpnia vitriolina,Colombia,35020,"Thraupidae (Tanagers and Allies)"
1391,Blue-necked Tanager,Stilpnia cyanicollis,Colombia,35027,"Thraupidae (Tanagers and Allies)"
1392,Blue-and-black Tanager,Tangara vassorii,Colombia,35036,"Thraupidae (Tanagers and Allies)"
1393,Beryl-spangled Tanager,Tangara nigroviridis,Colombia,35041,"Thraupidae (Tanagers and Allies)"
1394,Metallic-green Tanager,Tangara labradorides,Colombia,35048,"Thraupidae (Tanagers and Allies)"
1395,Plain-colored Tanager,Tangara inornata,Costa Rica,35054,"Thraupidae (Tanagers and Allies)"
1402,Scarlet-thighed Dacnis,Dacnis venusta,Costa Rica,35149,"Thraupidae (Tanagers and Allies)"
1403,Shining Honeycreeper,Cyanerpes lucidus,Costa Rica,35165,"Thraupidae (Tanagers and Allies)"
1406,Black-and-yellow Tanager,Chrysothlypis chrysomelas,Costa Rica,35230,"Thraupidae (Tanagers and Allies)"
1408,White-sided Flowerpiercer,Diglossa albilatera,Colombia,35291,"Thraupidae (Tanagers and Allies)"
1410,Rusty Flowerpiercer,Diglossa sittoides,Colombia,35313,"Thraupidae (Tanagers and Allies)"
1412,Plumbeous Sierra Finch,Geospizopsis unicolor,Colombia,35376,"Thraupidae (Tanagers and Allies)"
1413,Saffron Finch,Sicalis flaveola,Colombia,35477,"Thraupidae (Tanagers and Allies)"
1414,Blue-black Grassquit,Volatinia jacarina,Colombia,35510,"Thraupidae (Tanagers and Allies)"
1416,Morelet's Seedeater,Sporophila morelleti,Costa Rica,35574,"Thraupidae (Tanagers and Allies)"
1417,Yellow-bellied Seedeater,Sporophila nigricollis,Colombia,35583,"Thraupidae (Tanagers and Allies)"
1421,Black-winged Saltator,Saltator atripennis,Colombia,35789,"Thraupidae (Tanagers and Allies)"
1422,Black-headed Saltator,Saltator atriceps,Costa Rica,35792,"Thraupidae (Tanagers and Allies)"
1423,Olive-gray Saltator,Saltator olivascens,Colombia,35802,"Thraupidae (Tanagers and Allies)"
1425,Streaked Saltator,Saltator striatipectus,Costa Rica,35819,"Thraupidae (Tanagers and Allies)"
1426,Masked Saltator,Saltator cinctus,Colombia,35845,"Thraupidae (Tanagers and Allies)"